Workbook
Name R_강원: 목록!$B$1:$B$18
Name R_경기: 목록!$C$1:$C$31
Name R_경남: 목록!$D$1:$D$18
Name R_경북: 목록!$E$1:$E$21
Name R_광주: 목록!$F$1:$F$5
Name R_대구: 목록!$G$1:$G$9
Name R_대전: 목록!$H$1:$H$5
Name R_부산: 목록!$I$1:$I$16
Name R_서울: 목록!$J$1:$J$25
Name R_세종: 목록!$K$1:$K$1
Name R_울산: 목록!$L$1:$L$5
Name R_인천: 목록!$M$1:$M$10
Name R_전남: 목록!$N$1:$N$22
Name R_전북: 목록!$O$1:$O$14
Name R_제주: 목록!$P$1:$P$2
Name R_충남: 목록!$Q$1:$Q$15
Name R_충북: 목록!$R$1:$R$11
Name S_강원_강릉시: 목록!$S$1:$S$8
Name S_강원_고성군: 목록!$T$1:$T$2
Name S_강원_동해시: 목록!$U$1:$U$5
Name S_강원_삼척시: 목록!$V$1:$V$6
Name S_강원_속초시: 목록!$W$1:$W$3
Name S_강원_양구군: 목록!$X$1:$X$3
Name S_강원_양양군: 목록!$Y$1:$Y$1
Name S_강원_영월군: 목록!$Z$1:$Z$5
Name S_강원_원주시: 목록!$AA$1:$AA$12
Name S_강원_인제군: 목록!$AB$1:$AB$4
Name S_강원_정선군: 목록!$AC$1:$AC$6
Name S_강원_철원군: 목록!$AD$1:$AD$4
Name S_강원_춘천시: 목록!$AE$1:$AE$8
Name S_강원_태백시: 목록!$AF$1:$AF$3
Name S_강원_평창군: 목록!$AG$1:$AG$5
Name S_강원_홍천군: 목록!$AH$1:$AH$4
Name S_강원_화천군: 목록!$AI$1:$AI$3
Name S_강원_횡성군: 목록!$AJ$1:$AJ$6
Name S_경기_가평군: 목록!$AK$1:$AK$5
Name S_경기_고양시: 목록!$AL$1:$AL$32
Name S_경기_과천시: 목록!$AM$1:$AM$4
Name S_경기_광명시: 목록!$AN$1:$AN$9
Name S_경기_광주시: 목록!$AO$1:$AO$7
Name S_경기_구리시: 목록!$AP$1:$AP$7
Name S_경기_군포시: 목록!$AQ$1:$AQ$6
Name S_경기_김포시: 목록!$AR$1:$AR$15
Name S_경기_남양주시: 목록!$AS$1:$AS$20
Name S_경기_동두천시: 목록!$AT$1:$AT$5
Name S_경기_부천시: 목록!$AU$1:$AU$23
Name S_경기_성남시: 목록!$AV$1:$AV$28
Name S_경기_수원시: 목록!$AW$1:$AW$34
Name S_경기_시흥시: 목록!$AX$1:$AX$13
Name S_경기_안산시: 목록!$AY$1:$AY$18
Name S_경기_안성시: 목록!$AZ$1:$AZ$6
Name S_경기_안양시: 목록!$BA$1:$BA$14
Name S_경기_양주시: 목록!$BB$1:$BB$7
Name S_경기_양평군: 목록!$BC$1:$BC$7
Name S_경기_여주시: 목록!$BD$1:$BD$7
Name S_경기_연천군: 목록!$BE$1:$BE$2
Name S_경기_오산시: 목록!$BF$1:$BF$7
Name S_경기_용인시: 목록!$BG$1:$BG$30
Name S_경기_의왕시: 목록!$BH$1:$BH$5
Name S_경기_의정부시: 목록!$BI$1:$BI$13

Sheet 계산기
B2: 수시 배치 계산기 | V2: 비교 내신 | W2: 2.7 | Z2: 호갱노노
B3: 지원 정보 입력 | R3: 배치표 조회 (자동) | Z3: 추천대학
B4: No. | C4: 광역 | D4: 기초 | E4: 대학 | F4: 전형유형 | G4: 전형명 | H4: 모집단위명 | I4: 계열 | J4: 상세계열 | K4: 인원 | M4: 티어 | N4: 내점수 | P4: 판정 | R4: 소신 | S4: 적정 | T4: 안정 | V4: 내점수 | W4: 판정 | Z4: 수과가산 | AA4: 면접
B5: 1025 | C5: 서울 | D5: 서울 | E5: 고려대학교 | F5: 학생부종합 | G5: 계열적합전형 | H5: 경영대학 | I5: 인문 | J5: 고려계열인문1 | K5: 46 | M5: =IF(I5="","",IF(I5="인문",성적입력!$C$8,성적입력!$C$9)) -> A | N5: =성적입력!$C$15 -> 3 | P5: =IF(OR(J5="",N5="",M5=""),"",IF(N5<=T5,"안정",IF(N5<=S5,"적정",IF(N5<=R5,"소신","상향")))) -> 상향 | R5: {=IFERROR(IF(OR(J5="",M5="",F5=""),"",IF(F5="학생부종합",INDEX(종합배치표!$C:$Q,MATCH(J5,종합배치표!$B:$B,0),(MATCH(M5,{"A","B","C","D","E"},0)-1)*3+1),INDEX(교과배치표!$C:$Q,MATCH(J5,교과배치표!$B:$B,0),(MATCH(M5,{"A","B","C","D","E"},0)-1)*3+1))),"")} -> 2.95 | S5: {=IFERROR(IF(OR(J5="",M5="",F5=""),"",IF(F5="학생부종합",INDEX(종합배치표!$C:$Q,MATCH(J5,종합배치표!$B:$B,0),(MATCH(M5,{"A","B","C","D","E"},0)-1)*3+2),INDEX(교과배치표!$C:$Q,MATCH(J5,교과배치표!$B:$B,0),(MATCH(M5,{"A","B","C","D","E"},0)-1)*3+2))),"")} -> 2.55 | T5: {=IFERROR(IF(OR(J5="",M5="",F5=""),"",IF(F5="학생부종합",INDEX(종합배치표!$C:$Q,MATCH(J5,종합배치표!$B:$B,0),(MATCH(M5,{"A","B","C","D","E"},0)-1)*3+3),INDEX(교과배치표!$C:$Q,MATCH(J5,교과배치표!$B:$B,0),(MATCH(M5,{"A","B","C","D","E"},0)-1)*3+3))),"")} -> 2.25 | V5: =$W$2 -> 2.7 | W5: =IF(OR(J5="",V5="",M5=""),"",IF(V5<=T5,"안정",IF(V5<=S5,"적정",IF(V5<=R5,"소신","상향")))) -> 소신
B6: 1028 | C6: 서울 | D6: 서울 | E6: 고려대학교 | F6: 학생부종합 | G6: 계열적합전형 | H6: 경제학과 | I6: 인문 | J6: 고려계열인문1 | K6: 15 | M6: =IF(I6="","",IF(I6="인문",성적입력!$C$8,성적입력!$C$9)) -> A | N6: =성적입력!$C$15 -> 3 | P6: =IF(OR(J6="",N6="",M6=""),"",IF(N6<=T6,"안정",IF(N6<=S6,"적정",IF(N6<=R6,"소신","상향")))) -> 상향 | R6: {=IFERROR(IF(OR(J6="",M6="",F6=""),"",IF(F6="학생부종합",INDEX(종합배치표!$C:$Q,MATCH(J6,종합배치표!$B:$B,0),(MATCH(M6,{"A","B","C","D","E"},0)-1)*3+1),INDEX(교과배치표!$C:$Q,MATCH(J6,교과배치표!$B:$B,0),(MATCH(M6,{"A","B","C","D","E"},0)-1)*3+1))),"")} -> 2.95 | S6: {=IFERROR(IF(OR(J6="",M6="",F6=""),"",IF(F6="학생부종합",INDEX(종합배치표!$C:$Q,MATCH(J6,종합배치표!$B:$B,0),(MATCH(M6,{"A","B","C","D","E"},0)-1)*3+2),INDEX(교과배치표!$C:$Q,MATCH(J6,교과배치표!$B:$B,0),(MATCH(M6,{"A","B","C","D","E"},0)-1)*3+2))),"")} -> 2.55 | T6: {=IFERROR(IF(OR(J6="",M6="",F6=""),"",IF(F6="학생부종합",INDEX(종합배치표!$C:$Q,MATCH(J6,종합배치표!$B:$B,0),(MATCH(M6,{"A","B","C","D","E"},0)-1)*3+3),INDEX(교과배치표!$C:$Q,MATCH(J6,교과배치표!$B:$B,0),(MATCH(M6,{"A","B","C","D","E"},0)-1)*3+3))),"")} -> 2.25 | V6: =$W$2 -> 2.7 | W6: =IF(OR(J6="",V6="",M6=""),"",IF(V6<=T6,"안정",IF(V6<=S6,"적정",IF(V6<=R6,"소신","상향")))) -> 소신
B7: 1060 | C7: 서울 | D7: 서울 | E7: 고려대학교 | F7: 학생부종합 | G7: 계열적합전형 | H7: 미디어학부 | I7: 인문 | J7: 고려계열인문1 | K7: 8 | M7: =IF(I7="","",IF(I7="인문",성적입력!$C$8,성적입력!$C$9)) -> A | N7: =성적입력!$C$15 -> 3 | P7: =IF(OR(J7="",N7="",M7=""),"",IF(N7<=T7,"안정",IF(N7<=S7,"적정",IF(N7<=R7,"소신","상향")))) -> 상향 | R7: {=IFERROR(IF(OR(J7="",M7="",F7=""),"",IF(F7="학생부종합",INDEX(종합배치표!$C:$Q,MATCH(J7,종합배치표!$B:$B,0),(MATCH(M7,{"A","B","C","D","E"},0)-1)*3+1),INDEX(교과배치표!$C:$Q,MATCH(J7,교과배치표!$B:$B,0),(MATCH(M7,{"A","B","C","D","E"},0)-1)*3+1))),"")} -> 2.95 | S7: {=IFERROR(IF(OR(J7="",M7="",F7=""),"",IF(F7="학생부종합",INDEX(종합배치표!$C:$Q,MATCH(J7,종합배치표!$B:$B,0),(MATCH(M7,{"A","B","C","D","E"},0)-1)*3+2),INDEX(교과배치표!$C:$Q,MATCH(J7,교과배치표!$B:$B,0),(MATCH(M7,{"A","B","C","D","E"},0)-1)*3+2))),"")} -> 2.55 | T7: {=IFERROR(IF(OR(J7="",M7="",F7=""),"",IF(F7="학생부종합",INDEX(종합배치표!$C:$Q,MATCH(J7,종합배치표!$B:$B,0),(MATCH(M7,{"A","B","C","D","E"},0)-1)*3+3),INDEX(교과배치표!$C:$Q,MATCH(J7,교과배치표!$B:$B,0),(MATCH(M7,{"A","B","C","D","E"},0)-1)*3+3))),"")} -> 2.25 | V7: =$W$2 -> 2.7 | W7: =IF(OR(J7="",V7="",M7=""),"",IF(V7<=T7,"안정",IF(V7<=S7,"적정",IF(V7<=R7,"소신","상향")))) -> 소신
B8: 1113 | C8: 서울 | D8: 서울 | E8: 고려대학교 | F8: 학생부종합 | G8: 계열적합전형 | H8: 식품자원경제학과 | I8: 인문 | J8: 고려계열인문1 | K8: 6 | M8: =IF(I8="","",IF(I8="인문",성적입력!$C$8,성적입력!$C$9)) -> A | N8: =성적입력!$C$15 -> 3 | P8: =IF(OR(J8="",N8="",M8=""),"",IF(N8<=T8,"안정",IF(N8<=S8,"적정",IF(N8<=R8,"소신","상향")))) -> 상향 | R8: {=IFERROR(IF(OR(J8="",M8="",F8=""),"",IF(F8="학생부종합",INDEX(종합배치표!$C:$Q,MATCH(J8,종합배치표!$B:$B,0),(MATCH(M8,{"A","B","C","D","E"},0)-1)*3+1),INDEX(교과배치표!$C:$Q,MATCH(J8,교과배치표!$B:$B,0),(MATCH(M8,{"A","B","C","D","E"},0)-1)*3+1))),"")} -> 2.95 | S8: {=IFERROR(IF(OR(J8="",M8="",F8=""),"",IF(F8="학생부종합",INDEX(종합배치표!$C:$Q,MATCH(J8,종합배치표!$B:$B,0),(MATCH(M8,{"A","B","C","D","E"},0)-1)*3+2),INDEX(교과배치표!$C:$Q,MATCH(J8,교과배치표!$B:$B,0),(MATCH(M8,{"A","B","C","D","E"},0)-1)*3+2))),"")} -> 2.55 | T8: {=IFERROR(IF(OR(J8="",M8="",F8=""),"",IF(F8="학생부종합",INDEX(종합배치표!$C:$Q,MATCH(J8,종합배치표!$B:$B,0),(MATCH(M8,{"A","B","C","D","E"},0)-1)*3+3),INDEX(교과배치표!$C:$Q,MATCH(J8,교과배치표!$B:$B,0),(MATCH(M8,{"A","B","C","D","E"},0)-1)*3+3))),"")} -> 2.25 | V8: =$W$2 -> 2.7 | W8: =IF(OR(J8="",V8="",M8=""),"",IF(V8<=T8,"안정",IF(V8<=S8,"적정",IF(V8<=R8,"소신","상향")))) -> 소신
B9: 1119 | C9: 서울 | D9: 서울 | E9: 고려대학교 | F9: 학생부종합 | G9: 계열적합전형 | H9: 심리학부 | I9: 인문 | J9: 고려계열인문1 | K9: 5 | M9: =IF(I9="","",IF(I9="인문",성적입력!$C$8,성적입력!$C$9)) -> A | N9: =성적입력!$C$15 -> 3 | P9: =IF(OR(J9="",N9="",M9=""),"",IF(N9<=T9,"안정",IF(N9<=S9,"적정",IF(N9<=R9,"소신","상향")))) -> 상향 | R9: {=IFERROR(IF(OR(J9="",M9="",F9=""),"",IF(F9="학생부종합",INDEX(종합배치표!$C:$Q,MATCH(J9,종합배치표!$B:$B,0),(MATCH(M9,{"A","B","C","D","E"},0)-1)*3+1),INDEX(교과배치표!$C:$Q,MATCH(J9,교과배치표!$B:$B,0),(MATCH(M9,{"A","B","C","D","E"},0)-1)*3+1))),"")} -> 2.95 | S9: {=IFERROR(IF(OR(J9="",M9="",F9=""),"",IF(F9="학생부종합",INDEX(종합배치표!$C:$Q,MATCH(J9,종합배치표!$B:$B,0),(MATCH(M9,{"A","B","C","D","E"},0)-1)*3+2),INDEX(교과배치표!$C:$Q,MATCH(J9,교과배치표!$B:$B,0),(MATCH(M9,{"A","B","C","D","E"},0)-1)*3+2))),"")} -> 2.55 | T9: {=IFERROR(IF(OR(J9="",M9="",F9=""),"",IF(F9="학생부종합",INDEX(종합배치표!$C:$Q,MATCH(J9,종합배치표!$B:$B,0),(MATCH(M9,{"A","B","C","D","E"},0)-1)*3+3),INDEX(교과배치표!$C:$Q,MATCH(J9,교과배치표!$B:$B,0),(MATCH(M9,{"A","B","C","D","E"},0)-1)*3+3))),"")} -> 2.25 | V9: =$W$2 -> 2.7 | W9: =IF(OR(J9="",V9="",M9=""),"",IF(V9<=T9,"안정",IF(V9<=S9,"적정",IF(V9<=R9,"소신","상향")))) -> 소신
B10: 1175 | C10: 서울 | D10: 서울 | E10: 고려대학교 | F10: 학생부종합 | G10: 계열적합전형 | H10: 통계학과 | I10: 인문 | J10: 고려계열인문1 | K10: 11 | M10: =IF(I10="","",IF(I10="인문",성적입력!$C$8,성적입력!$C$9)) -> A | N10: =성적입력!$C$15 -> 3 | P10: =IF(OR(J10="",N10="",M10=""),"",IF(N10<=T10,"안정",IF(N10<=S10,"적정",IF(N10<=R10,"소신","상향")))) -> 상향 | R10: {=IFERROR(IF(OR(J10="",M10="",F10=""),"",IF(F10="학생부종합",INDEX(종합배치표!$C:$Q,MATCH(J10,종합배치표!$B:$B,0),(MATCH(M10,{"A","B","C","D","E"},0)-1)*3+1),INDEX(교과배치표!$C:$Q,MATCH(J10,교과배치표!$B:$B,0),(MATCH(M10,{"A","B","C","D","E"},0)-1)*3+1))),"")} -> 2.95 | S10: {=IFERROR(IF(OR(J10="",M10="",F10=""),"",IF(F10="학생부종합",INDEX(종합배치표!$C:$Q,MATCH(J10,종합배치표!$B:$B,0),(MATCH(M10,{"A","B","C","D","E"},0)-1)*3+2),INDEX(교과배치표!$C:$Q,MATCH(J10,교과배치표!$B:$B,0),(MATCH(M10,{"A","B","C","D","E"},0)-1)*3+2))),"")} -> 2.55 | T10: {=IFERROR(IF(OR(J10="",M10="",F10=""),"",IF(F10="학생부종합",INDEX(종합배치표!$C:$Q,MATCH(J10,종합배치표!$B:$B,0),(MATCH(M10,{"A","B","C","D","E"},0)-1)*3+3),INDEX(교과배치표!$C:$Q,MATCH(J10,교과배치표!$B:$B,0),(MATCH(M10,{"A","B","C","D","E"},0)-1)*3+3))),"")} -> 2.25 | V10: =$W$2 -> 2.7 | W10: =IF(OR(J10="",V10="",M10=""),"",IF(V10<=T10,"안정",IF(V10<=S10,"적정",IF(V10<=R10,"소신","상향")))) -> 소신
B11: 1041 | C11: 서울 | D11: 서울 | E11: 고려대학교 | F11: 학생부종합 | G11: 계열적합전형 | H11: 국제학부 | I11: 인문 | J11: 고려계열인문2 | K11: 10 | M11: =IF(I11="","",IF(I11="인문",성적입력!$C$8,성적입력!$C$9)) -> A | N11: =성적입력!$C$15 -> 3 | P11: =IF(OR(J11="",N11="",M11=""),"",IF(N11<=T11,"안정",IF(N11<=S11,"적정",IF(N11<=R11,"소신","상향")))) -> 소신 | R11: {=IFERROR(IF(OR(J11="",M11="",F11=""),"",IF(F11="학생부종합",INDEX(종합배치표!$C:$Q,MATCH(J11,종합배치표!$B:$B,0),(MATCH(M11,{"A","B","C","D","E"},0)-1)*3+1),INDEX(교과배치표!$C:$Q,MATCH(J11,교과배치표!$B:$B,0),(MATCH(M11,{"A","B","C","D","E"},0)-1)*3+1))),"")} -> 3.05 | S11: {=IFERROR(IF(OR(J11="",M11="",F11=""),"",IF(F11="학생부종합",INDEX(종합배치표!$C:$Q,MATCH(J11,종합배치표!$B:$B,0),(MATCH(M11,{"A","B","C","D","E"},0)-1)*3+2),INDEX(교과배치표!$C:$Q,MATCH(J11,교과배치표!$B:$B,0),(MATCH(M11,{"A","B","C","D","E"},0)-1)*3+2))),"")} -> 2.65 | T11: {=IFERROR(IF(OR(J11="",M11="",F11=""),"",IF(F11="학생부종합",INDEX(종합배치표!$C:$Q,MATCH(J11,종합배치표!$B:$B,0),(MATCH(M11,{"A","B","C","D","E"},0)-1)*3+3),INDEX(교과배치표!$C:$Q,MATCH(J11,교과배치표!$B:$B,0),(MATCH(M11,{"A","B","C","D","E"},0)-1)*3+3))),"")} -> 2.35 | V11: =$W$2 -> 2.7 | W11: =IF(OR(J11="",V11="",M11=""),"",IF(V11<=T11,"안정",IF(V11<=S11,"적정",IF(V11<=R11,"소신","상향")))) -> 소신
B12: 1071 | C12: 서울 | D12: 서울 | E12: 고려대학교 | F12: 학생부종합 | G12: 계열적합전형 | H12: 보건정책관리학부 | I12: 인문 | J12: 고려계열인문2 | K12: 9 | M12: =IF(I12="","",IF(I12="인문",성적입력!$C$8,성적입력!$C$9)) -> A | N12: =성적입력!$C$15 -> 3 | P12: =IF(OR(J12="",N12="",M12=""),"",IF(N12<=T12,"안정",IF(N12<=S12,"적정",IF(N12<=R12,"소신","상향")))) -> 소신 | R12: {=IFERROR(IF(OR(J12="",M12="",F12=""),"",IF(F12="학생부종합",INDEX(종합배치표!$C:$Q,MATCH(J12,종합배치표!$B:$B,0),(MATCH(M12,{"A","B","C","D","E"},0)-1)*3+1),INDEX(교과배치표!$C:$Q,MATCH(J12,교과배치표!$B:$B,0),(MATCH(M12,{"A","B","C","D","E"},0)-1)*3+1))),"")} -> 3.05 | S12: {=IFERROR(IF(OR(J12="",M12="",F12=""),"",IF(F12="학생부종합",INDEX(종합배치표!$C:$Q,MATCH(J12,종합배치표!$B:$B,0),(MATCH(M12,{"A","B","C","D","E"},0)-1)*3+2),INDEX(교과배치표!$C:$Q,MATCH(J12,교과배치표!$B:$B,0),(MATCH(M12,{"A","B","C","D","E"},0)-1)*3+2))),"")} -> 2.65 | T12: {=IFERROR(IF(OR(J12="",M12="",F12=""),"",IF(F12="학생부종합",INDEX(종합배치표!$C:$Q,MATCH(J12,종합배치표!$B:$B,0),(MATCH(M12,{"A","B","C","D","E"},0)-1)*3+3),INDEX(교과배치표!$C:$Q,MATCH(J12,교과배치표!$B:$B,0),(MATCH(M12,{"A","B","C","D","E"},0)-1)*3+3))),"")} -> 2.35 | V12: =$W$2 -> 2.7 | W12: =IF(OR(J12="",V12="",M12=""),"",IF(V12<=T12,"안정",IF(V12<=S12,"적정",IF(V12<=R12,"소신","상향")))) -> 소신
B13: 1084 | C13: 서울 | D13: 서울 | E13: 고려대학교 | F13: 학생부종합 | G13: 계열적합전형 | H13: 사회학과 | I13: 인문 | J13: 고려계열인문2 | K13: 9 | M13: =IF(I13="","",IF(I13="인문",성적입력!$C$8,성적입력!$C$9)) -> A | N13: =성적입력!$C$15 -> 3 | P13: =IF(OR(J13="",N13="",M13=""),"",IF(N13<=T13,"안정",IF(N13<=S13,"적정",IF(N13<=R13,"소신","상향")))) -> 소신 | R13: {=IFERROR(IF(OR(J13="",M13="",F13=""),"",IF(F13="학생부종합",INDEX(종합배치표!$C:$Q,MATCH(J13,종합배치표!$B:$B,0),(MATCH(M13,{"A","B","C","D","E"},0)-1)*3+1),INDEX(교과배치표!$C:$Q,MATCH(J13,교과배치표!$B:$B,0),(MATCH(M13,{"A","B","C","D","E"},0)-1)*3+1))),"")} -> 3.05 | S13: {=IFERROR(IF(OR(J13="",M13="",F13=""),"",IF(F13="학생부종합",INDEX(종합배치표!$C:$Q,MATCH(J13,종합배치표!$B:$B,0),(MATCH(M13,{"A","B","C","D","E"},0)-1)*3+2),INDEX(교과배치표!$C:$Q,MATCH(J13,교과배치표!$B:$B,0),(MATCH(M13,{"A","B","C","D","E"},0)-1)*3+2))),"")} -> 2.65 | T13: {=IFERROR(IF(OR(J13="",M13="",F13=""),"",IF(F13="학생부종합",INDEX(종합배치표!$C:$Q,MATCH(J13,종합배치표!$B:$B,0),(MATCH(M13,{"A","B","C","D","E"},0)-1)*3+3),INDEX(교과배치표!$C:$Q,MATCH(J13,교과배치표!$B:$B,0),(MATCH(M13,{"A","B","C","D","E"},0)-1)*3+3))),"")} -> 2.35 | V13: =$W$2 -> 2.7 | W13: =IF(OR(J13="",V13="",M13=""),"",IF(V13<=T13,"안정",IF(V13<=S13,"적정",IF(V13<=R13,"소신","상향")))) -> 소신
B14: 1122 | C14: 서울 | D14: 서울 | E14: 고려대학교 | F14: 학생부종합 | G14: 계열적합전형 | H14: 언어학과 | I14: 인문 | J14: 고려계열인문2 | K14: 3 | M14: =IF(I14="","",IF(I14="인문",성적입력!$C$8,성적입력!$C$9)) -> A | N14: =성적입력!$C$15 -> 3 | P14: =IF(OR(J14="",N14="",M14=""),"",IF(N14<=T14,"안정",IF(N14<=S14,"적정",IF(N14<=R14,"소신","상향")))) -> 소신 | R14: {=IFERROR(IF(OR(J14="",M14="",F14=""),"",IF(F14="학생부종합",INDEX(종합배치표!$C:$Q,MATCH(J14,종합배치표!$B:$B,0),(MATCH(M14,{"A","B","C","D","E"},0)-1)*3+1),INDEX(교과배치표!$C:$Q,MATCH(J14,교과배치표!$B:$B,0),(MATCH(M14,{"A","B","C","D","E"},0)-1)*3+1))),"")} -> 3.05 | S14: {=IFERROR(IF(OR(J14="",M14="",F14=""),"",IF(F14="학생부종합",INDEX(종합배치표!$C:$Q,MATCH(J14,종합배치표!$B:$B,0),(MATCH(M14,{"A","B","C","D","E"},0)-1)*3+2),INDEX(교과배치표!$C:$Q,MATCH(J14,교과배치표!$B:$B,0),(MATCH(M14,{"A","B","C","D","E"},0)-1)*3+2))),"")} -> 2.65 | T14: {=IFERROR(IF(OR(J14="",M14="",F14=""),"",IF(F14="학생부종합",INDEX(종합배치표!$C:$Q,MATCH(J14,종합배치표!$B:$B,0),(MATCH(M14,{"A","B","C","D","E"},0)-1)*3+3),INDEX(교과배치표!$C:$Q,MATCH(J14,교과배치표!$B:$B,0),(MATCH(M14,{"A","B","C","D","E"},0)-1)*3+3))),"")} -> 2.35 | V14: =$W$2 -> 2.7 | W14: =IF(OR(J14="",V14="",M14=""),"",IF(V14<=T14,"안정",IF(V14<=S14,"적정",IF(V14<=R14,"소신","상향")))) -> 소신
B15: 1155 | C15: 서울 | D15: 서울 | E15: 고려대학교 | F15: 학생부종합 | G15: 계열적합전형 | H15: 정치외교학과 | I15: 인문 | J15: 고려계열인문2 | K15: 9 | M15: =IF(I15="","",IF(I15="인문",성적입력!$C$8,성적입력!$C$9)) -> A | N15: =성적입력!$C$15 -> 3 | P15: =IF(OR(J15="",N15="",M15=""),"",IF(N15<=T15,"안정",IF(N15<=S15,"적정",IF(N15<=R15,"소신","상향")))) -> 소신 | R15: {=IFERROR(IF(OR(J15="",M15="",F15=""),"",IF(F15="학생부종합",INDEX(종합배치표!$C:$Q,MATCH(J15,종합배치표!$B:$B,0),(MATCH(M15,{"A","B","C","D","E"},0)-1)*3+1),INDEX(교과배치표!$C:$Q,MATCH(J15,교과배치표!$B:$B,0),(MATCH(M15,{"A","B","C","D","E"},0)-1)*3+1))),"")} -> 3.05 | S15: {=IFERROR(IF(OR(J15="",M15="",F15=""),"",IF(F15="학생부종합",INDEX(종합배치표!$C:$Q,MATCH(J15,종합배치표!$B:$B,0),(MATCH(M15,{"A","B","C","D","E"},0)-1)*3+2),INDEX(교과배치표!$C:$Q,MATCH(J15,교과배치표!$B:$B,0),(MATCH(M15,{"A","B","C","D","E"},0)-1)*3+2))),"")} -> 2.65 | T15: {=IFERROR(IF(OR(J15="",M15="",F15=""),"",IF(F15="학생부종합",INDEX(종합배치표!$C:$Q,MATCH(J15,종합배치표!$B:$B,0),(MATCH(M15,{"A","B","C","D","E"},0)-1)*3+3),INDEX(교과배치표!$C:$Q,MATCH(J15,교과배치표!$B:$B,0),(MATCH(M15,{"A","B","C","D","E"},0)-1)*3+3))),"")} -> 2.35 | V15: =$W$2 -> 2.7 | W15: =IF(OR(J15="",V15="",M15=""),"",IF(V15<=T15,"안정",IF(V15<=S15,"적정",IF(V15<=R15,"소신","상향")))) -> 소신
B16: 1185 | C16: 서울 | D16: 서울 | E16: 고려대학교 | F16: 학생부종합 | G16: 계열적합전형 | H16: 행정학과 | I16: 인문 | J16: 고려계열인문2 | K16: 9 | M16: =IF(I16="","",IF(I16="인문",성적입력!$C$8,성적입력!$C$9)) -> A | N16: =성적입력!$C$15 -> 3 | P16: =IF(OR(J16="",N16="",M16=""),"",IF(N16<=T16,"안정",IF(N16<=S16,"적정",IF(N16<=R16,"소신","상향")))) -> 소신 | R16: {=IFERROR(IF(OR(J16="",M16="",F16=""),"",IF(F16="학생부종합",INDEX(종합배치표!$C:$Q,MATCH(J16,종합배치표!$B:$B,0),(MATCH(M16,{"A","B","C","D","E"},0)-1)*3+1),INDEX(교과배치표!$C:$Q,MATCH(J16,교과배치표!$B:$B,0),(MATCH(M16,{"A","B","C","D","E"},0)-1)*3+1))),"")} -> 3.05 | S16: {=IFERROR(IF(OR(J16="",M16="",F16=""),"",IF(F16="학생부종합",INDEX(종합배치표!$C:$Q,MATCH(J16,종합배치표!$B:$B,0),(MATCH(M16,{"A","B","C","D","E"},0)-1)*3+2),INDEX(교과배치표!$C:$Q,MATCH(J16,교과배치표!$B:$B,0),(MATCH(M16,{"A","B","C","D","E"},0)-1)*3+2))),"")} -> 2.65 | T16: {=IFERROR(IF(OR(J16="",M16="",F16=""),"",IF(F16="학생부종합",INDEX(종합배치표!$C:$Q,MATCH(J16,종합배치표!$B:$B,0),(MATCH(M16,{"A","B","C","D","E"},0)-1)*3+3),INDEX(교과배치표!$C:$Q,MATCH(J16,교과배치표!$B:$B,0),(MATCH(M16,{"A","B","C","D","E"},0)-1)*3+3))),"")} -> 2.35 | V16: =$W$2 -> 2.7 | W16: =IF(OR(J16="",V16="",M16=""),"",IF(V16<=T16,"안정",IF(V16<=S16,"적정",IF(V16<=R16,"소신","상향")))) -> 소신
... B583: 3618 | C583: 서울 | D583: 서울 | E583: 연세대학교 | F583: 학생부교과 | G583: 추천형전형 | H583: 진리자유학부(자연) | I583: 자연 | J583: 연세교과자전자연 | K583: 21 | M583: =IF(I583="","",IF(I583="인문",성적입력!$C$8,성적입력!$C$9)) -> A | N583: =성적입력!$C$15 -> 3 | P583: =IF(OR(J583="",N583="",M583=""),"",IF(N583<=T583,"안정",IF(N583<=S583,"적정",IF(N583<=R583,"소신","상향")))) -> 상향 | R583: {=IFERROR(IF(OR(J583="",M583="",F583=""),"",IF(F583="학생부종합",INDEX(종합배치표!$C:$Q,MATCH(J583,종합배치표!$B:$B,0),(MATCH(M583,{"A","B","C","D","E"},0)-1)*3+1),INDEX(교과배치표!$C:$Q,MATCH(J583,교과배치표!$B:$B,0),(MATCH(M583,{"A","B","C","D","E"},0)-1)*3+1))),"")} -> 0 | S583: {=IFERROR(IF(OR(J583="",M583="",F583=""),"",IF(F583="학생부종합",INDEX(종합배치표!$C:$Q,MATCH(J583,종합배치표!$B:$B,0),(MATCH(M583,{"A","B","C","D","E"},0)-1)*3+2),INDEX(교과배치표!$C:$Q,MATCH(J583,교과배치표!$B:$B,0),(MATCH(M583,{"A","B","C","D","E"},0)-1)*3+2))),"")} -> 0 | T583: {=IFERROR(IF(OR(J583="",M583="",F583=""),"",IF(F583="학생부종합",INDEX(종합배치표!$C:$Q,MATCH(J583,종합배치표!$B:$B,0),(MATCH(M583,{"A","B","C","D","E"},0)-1)*3+3),INDEX(교과배치표!$C:$Q,MATCH(J583,교과배치표!$B:$B,0),(MATCH(M583,{"A","B","C","D","E"},0)-1)*3+3))),"")} -> 0 | V583: =$W$2 -> 2.7 | W583: =IF(OR(J583="",V583="",M583=""),"",IF(V583<=T583,"안정",IF(V583<=S583,"적정",IF(V583<=R583,"소신","상향")))) -> 상향
B584: 3595 | C584: 인천 | D584: 인천 | E584: 연세대학교 | F584: 학생부종합 | G584: 국제형전형 | H584: 융합인문사회과학부(HASS) | I584: 인문 | J584: 연세국제인문2 | K584: 국내:100 해외:30 | M584: =IF(I584="","",IF(I584="인문",성적입력!$C$8,성적입력!$C$9)) -> A | N584: =성적입력!$C$15 -> 3 | P584: =IF(OR(J584="",N584="",M584=""),"",IF(N584<=T584,"안정",IF(N584<=S584,"적정",IF(N584<=R584,"소신","상향")))) -> 적정 | R584: {=IFERROR(IF(OR(J584="",M584="",F584=""),"",IF(F584="학생부종합",INDEX(종합배치표!$C:$Q,MATCH(J584,종합배치표!$B:$B,0),(MATCH(M584,{"A","B","C","D","E"},0)-1)*3+1),INDEX(교과배치표!$C:$Q,MATCH(J584,교과배치표!$B:$B,0),(MATCH(M584,{"A","B","C","D","E"},0)-1)*3+1))),"")} -> 3.4 | S584: {=IFERROR(IF(OR(J584="",M584="",F584=""),"",IF(F584="학생부종합",INDEX(종합배치표!$C:$Q,MATCH(J584,종합배치표!$B:$B,0),(MATCH(M584,{"A","B","C","D","E"},0)-1)*3+2),INDEX(교과배치표!$C:$Q,MATCH(J584,교과배치표!$B:$B,0),(MATCH(M584,{"A","B","C","D","E"},0)-1)*3+2))),"")} -> 3 | T584: {=IFERROR(IF(OR(J584="",M584="",F584=""),"",IF(F584="학생부종합",INDEX(종합배치표!$C:$Q,MATCH(J584,종합배치표!$B:$B,0),(MATCH(M584,{"A","B","C","D","E"},0)-1)*3+3),INDEX(교과배치표!$C:$Q,MATCH(J584,교과배치표!$B:$B,0),(MATCH(M584,{"A","B","C","D","E"},0)-1)*3+3))),"")} -> 2.7 | V584: =$W$2 -> 2.7 | W584: =IF(OR(J584="",V584="",M584=""),"",IF(V584<=T584,"안정",IF(V584<=S584,"적정",IF(V584<=R584,"소신","상향")))) -> 안정
B585: 3524 | C585: 서울 | D585: 서울 | E585: 연세대학교 | F585: 학생부종합 | G585: 국제형전형 | H585: 글로벌인재학부 | I585: 인문 | J585: 연세국제인문3 | K585: 10 | M585: =IF(I585="","",IF(I585="인문",성적입력!$C$8,성적입력!$C$9)) -> A | N585: =성적입력!$C$15 -> 3 | P585: =IF(OR(J585="",N585="",M585=""),"",IF(N585<=T585,"안정",IF(N585<=S585,"적정",IF(N585<=R585,"소신","상향")))) -> 적정 | R585: {=IFERROR(IF(OR(J585="",M585="",F585=""),"",IF(F585="학생부종합",INDEX(종합배치표!$C:$Q,MATCH(J585,종합배치표!$B:$B,0),(MATCH(M585,{"A","B","C","D","E"},0)-1)*3+1),INDEX(교과배치표!$C:$Q,MATCH(J585,교과배치표!$B:$B,0),(MATCH(M585,{"A","B","C","D","E"},0)-1)*3+1))),"")} -> 3.5 | S585: {=IFERROR(IF(OR(J585="",M585="",F585=""),"",IF(F585="학생부종합",INDEX(종합배치표!$C:$Q,MATCH(J585,종합배치표!$B:$B,0),(MATCH(M585,{"A","B","C","D","E"},0)-1)*3+2),INDEX(교과배치표!$C:$Q,MATCH(J585,교과배치표!$B:$B,0),(MATCH(M585,{"A","B","C","D","E"},0)-1)*3+2))),"")} -> 3.1 | T585: {=IFERROR(IF(OR(J585="",M585="",F585=""),"",IF(F585="학생부종합",INDEX(종합배치표!$C:$Q,MATCH(J585,종합배치표!$B:$B,0),(MATCH(M585,{"A","B","C","D","E"},0)-1)*3+3),INDEX(교과배치표!$C:$Q,MATCH(J585,교과배치표!$B:$B,0),(MATCH(M585,{"A","B","C","D","E"},0)-1)*3+3))),"")} -> 2.8 | V585: =$W$2 -> 2.7 | W585: =IF(OR(J585="",V585="",M585=""),"",IF(V585<=T585,"안정",IF(V585<=S585,"적정",IF(V585<=R585,"소신","상향")))) -> 안정
B586: 3581 | C586: 서울 | D586: 서울 | E586: 연세대학교 | F586: 학생부종합 | G586: 국제형전형 | H586: 아시아학전공 | I586: 인문 | J586: 연세국제인문3 | K586: 20 | M586: =IF(I586="","",IF(I586="인문",성적입력!$C$8,성적입력!$C$9)) -> A | N586: =성적입력!$C$15 -> 3 | P586: =IF(OR(J586="",N586="",M586=""),"",IF(N586<=T586,"안정",IF(N586<=S586,"적정",IF(N586<=R586,"소신","상향")))) -> 적정 | R586: {=IFERROR(IF(OR(J586="",M586="",F586=""),"",IF(F586="학생부종합",INDEX(종합배치표!$C:$Q,MATCH(J586,종합배치표!$B:$B,0),(MATCH(M586,{"A","B","C","D","E"},0)-1)*3+1),INDEX(교과배치표!$C:$Q,MATCH(J586,교과배치표!$B:$B,0),(MATCH(M586,{"A","B","C","D","E"},0)-1)*3+1))),"")} -> 3.5 | S586: {=IFERROR(IF(OR(J586="",M586="",F586=""),"",IF(F586="학생부종합",INDEX(종합배치표!$C:$Q,MATCH(J586,종합배치표!$B:$B,0),(MATCH(M586,{"A","B","C","D","E"},0)-1)*3+2),INDEX(교과배치표!$C:$Q,MATCH(J586,교과배치표!$B:$B,0),(MATCH(M586,{"A","B","C","D","E"},0)-1)*3+2))),"")} -> 3.1 | T586: {=IFERROR(IF(OR(J586="",M586="",F586=""),"",IF(F586="학생부종합",INDEX(종합배치표!$C:$Q,MATCH(J586,종합배치표!$B:$B,0),(MATCH(M586,{"A","B","C","D","E"},0)-1)*3+3),INDEX(교과배치표!$C:$Q,MATCH(J586,교과배치표!$B:$B,0),(MATCH(M586,{"A","B","C","D","E"},0)-1)*3+3))),"")} -> 2.8 | V586: =$W$2 -> 2.7 | W586: =IF(OR(J586="",V586="",M586=""),"",IF(V586<=T586,"안정",IF(V586<=S586,"적정",IF(V586<=R586,"소신","상향")))) -> 안정
B587: 3588 | C587: 서울 | D587: 서울 | E587: 연세대학교 | F587: 학생부종합 | G587: 국제형전형 | H587: 언더우드학부(인문사회) | I587: 인문 | J587: 연세국제인문3 | K587: 30 | M587: =IF(I587="","",IF(I587="인문",성적입력!$C$8,성적입력!$C$9)) -> A | N587: =성적입력!$C$15 -> 3 | P587: =IF(OR(J587="",N587="",M587=""),"",IF(N587<=T587,"안정",IF(N587<=S587,"적정",IF(N587<=R587,"소신","상향")))) -> 적정 | R587: {=IFERROR(IF(OR(J587="",M587="",F587=""),"",IF(F587="학생부종합",INDEX(종합배치표!$C:$Q,MATCH(J587,종합배치표!$B:$B,0),(MATCH(M587,{"A","B","C","D","E"},0)-1)*3+1),INDEX(교과배치표!$C:$Q,MATCH(J587,교과배치표!$B:$B,0),(MATCH(M587,{"A","B","C","D","E"},0)-1)*3+1))),"")} -> 3.5 | S587: {=IFERROR(IF(OR(J587="",M587="",F587=""),"",IF(F587="학생부종합",INDEX(종합배치표!$C:$Q,MATCH(J587,종합배치표!$B:$B,0),(MATCH(M587,{"A","B","C","D","E"},0)-1)*3+2),INDEX(교과배치표!$C:$Q,MATCH(J587,교과배치표!$B:$B,0),(MATCH(M587,{"A","B","C","D","E"},0)-1)*3+2))),"")} -> 3.1 | T587: {=IFERROR(IF(OR(J587="",M587="",F587=""),"",IF(F587="학생부종합",INDEX(종합배치표!$C:$Q,MATCH(J587,종합배치표!$B:$B,0),(MATCH(M587,{"A","B","C","D","E"},0)-1)*3+3),INDEX(교과배치표!$C:$Q,MATCH(J587,교과배치표!$B:$B,0),(MATCH(M587,{"A","B","C","D","E"},0)-1)*3+3))),"")} -> 2.8 | V587: =$W$2 -> 2.7 | W587: =IF(OR(J587="",V587="",M587=""),"",IF(V587<=T587,"안정",IF(V587<=S587,"적정",IF(V587<=R587,"소신","상향")))) -> 안정
B588: 3586 | C588: 서울 | D588: 서울 | E588: 연세대학교 | F588: 학생부종합 | G588: 국제형전형 | H588: 언더우드학부(생명과학공학) | I588: 자연 | J588: 연세국제자연3 | K588: 5 | M588: =IF(I588="","",IF(I588="인문",성적입력!$C$8,성적입력!$C$9)) -> A | N588: =성적입력!$C$15 -> 3 | P588: =IF(OR(J588="",N588="",M588=""),"",IF(N588<=T588,"안정",IF(N588<=S588,"적정",IF(N588<=R588,"소신","상향")))) -> 안정 | R588: {=IFERROR(IF(OR(J588="",M588="",F588=""),"",IF(F588="학생부종합",INDEX(종합배치표!$C:$Q,MATCH(J588,종합배치표!$B:$B,0),(MATCH(M588,{"A","B","C","D","E"},0)-1)*3+1),INDEX(교과배치표!$C:$Q,MATCH(J588,교과배치표!$B:$B,0),(MATCH(M588,{"A","B","C","D","E"},0)-1)*3+1))),"")} -> 3.75 | S588: {=IFERROR(IF(OR(J588="",M588="",F588=""),"",IF(F588="학생부종합",INDEX(종합배치표!$C:$Q,MATCH(J588,종합배치표!$B:$B,0),(MATCH(M588,{"A","B","C","D","E"},0)-1)*3+2),INDEX(교과배치표!$C:$Q,MATCH(J588,교과배치표!$B:$B,0),(MATCH(M588,{"A","B","C","D","E"},0)-1)*3+2))),"")} -> 3.35 | T588: {=IFERROR(IF(OR(J588="",M588="",F588=""),"",IF(F588="학생부종합",INDEX(종합배치표!$C:$Q,MATCH(J588,종합배치표!$B:$B,0),(MATCH(M588,{"A","B","C","D","E"},0)-1)*3+3),INDEX(교과배치표!$C:$Q,MATCH(J588,교과배치표!$B:$B,0),(MATCH(M588,{"A","B","C","D","E"},0)-1)*3+3))),"")} -> 3.05 | V588: =$W$2 -> 2.7 | W588: =IF(OR(J588="",V588="",M588=""),"",IF(V588<=T588,"안정",IF(V588<=S588,"적정",IF(V588<=R588,"소신","상향")))) -> 안정
B589: 3594 | C589: 인천 | D589: 인천 | E589: 연세대학교 | F589: 학생부종합 | G589: 국제형전형 | H589: 융합과학공학부(ISE) | I589: 자연 | J589: 연세국제자연3 | K589: 국내:40 해외:20 | M589: =IF(I589="","",IF(I589="인문",성적입력!$C$8,성적입력!$C$9)) -> A | N589: =성적입력!$C$15 -> 3 | P589: =IF(OR(J589="",N589="",M589=""),"",IF(N589<=T589,"안정",IF(N589<=S589,"적정",IF(N589<=R589,"소신","상향")))) -> 안정 | R589: {=IFERROR(IF(OR(J589="",M589="",F589=""),"",IF(F589="학생부종합",INDEX(종합배치표!$C:$Q,MATCH(J589,종합배치표!$B:$B,0),(MATCH(M589,{"A","B","C","D","E"},0)-1)*3+1),INDEX(교과배치표!$C:$Q,MATCH(J589,교과배치표!$B:$B,0),(MATCH(M589,{"A","B","C","D","E"},0)-1)*3+1))),"")} -> 3.75 | S589: {=IFERROR(IF(OR(J589="",M589="",F589=""),"",IF(F589="학생부종합",INDEX(종합배치표!$C:$Q,MATCH(J589,종합배치표!$B:$B,0),(MATCH(M589,{"A","B","C","D","E"},0)-1)*3+2),INDEX(교과배치표!$C:$Q,MATCH(J589,교과배치표!$B:$B,0),(MATCH(M589,{"A","B","C","D","E"},0)-1)*3+2))),"")} -> 3.35 | T589: {=IFERROR(IF(OR(J589="",M589="",F589=""),"",IF(F589="학생부종합",INDEX(종합배치표!$C:$Q,MATCH(J589,종합배치표!$B:$B,0),(MATCH(M589,{"A","B","C","D","E"},0)-1)*3+3),INDEX(교과배치표!$C:$Q,MATCH(J589,교과배치표!$B:$B,0),(MATCH(M589,{"A","B","C","D","E"},0)-1)*3+3))),"")} -> 3.05 | V589: =$W$2 -> 2.7 | W589: =IF(OR(J589="",V589="",M589=""),"",IF(V589<=T589,"안정",IF(V589<=S589,"적정",IF(V589<=R589,"소신","상향")))) -> 안정
B590: 3517 | C590: 서울 | D590: 서울 | E590: 연세대학교 | F590: 학생부종합 | G590: 활동우수형전형 | H590: 경영학과 | I590: 인문 | J590: 연세활동인문1 | K590: 38 | M590: =IF(I590="","",IF(I590="인문",성적입력!$C$8,성적입력!$C$9)) -> A | N590: =성적입력!$C$15 -> 3 | P590: =IF(OR(J590="",N590="",M590=""),"",IF(N590<=T590,"안정",IF(N590<=S590,"적정",IF(N590<=R590,"소신","상향")))) -> 상향 | R590: {=IFERROR(IF(OR(J590="",M590="",F590=""),"",IF(F590="학생부종합",INDEX(종합배치표!$C:$Q,MATCH(J590,종합배치표!$B:$B,0),(MATCH(M590,{"A","B","C","D","E"},0)-1)*3+1),INDEX(교과배치표!$C:$Q,MATCH(J590,교과배치표!$B:$B,0),(MATCH(M590,{"A","B","C","D","E"},0)-1)*3+1))),"")} -> 2.6 | S590: {=IFERROR(IF(OR(J590="",M590="",F590=""),"",IF(F590="학생부종합",INDEX(종합배치표!$C:$Q,MATCH(J590,종합배치표!$B:$B,0),(MATCH(M590,{"A","B","C","D","E"},0)-1)*3+2),INDEX(교과배치표!$C:$Q,MATCH(J590,교과배치표!$B:$B,0),(MATCH(M590,{"A","B","C","D","E"},0)-1)*3+2))),"")} -> 2.2 | T590: {=IFERROR(IF(OR(J590="",M590="",F590=""),"",IF(F590="학생부종합",INDEX(종합배치표!$C:$Q,MATCH(J590,종합배치표!$B:$B,0),(MATCH(M590,{"A","B","C","D","E"},0)-1)*3+3),INDEX(교과배치표!$C:$Q,MATCH(J590,교과배치표!$B:$B,0),(MATCH(M590,{"A","B","C","D","E"},0)-1)*3+3))),"")} -> 1.9 | V590: =$W$2 -> 2.7 | W590: =IF(OR(J590="",V590="",M590=""),"",IF(V590<=T590,"안정",IF(V590<=S590,"적정",IF(V590<=R590,"소신","상향")))) -> 상향
B591: 3519 | C591: 서울 | D591: 서울 | E591: 연세대학교 | F591: 학생부종합 | G591: 활동우수형전형 | H591: 경제학부 | I591: 인문 | J591: 연세활동인문1 | K591: 32 | M591: =IF(I591="","",IF(I591="인문",성적입력!$C$8,성적입력!$C$9)) -> A | N591: =성적입력!$C$15 -> 3 | P591: =IF(OR(J591="",N591="",M591=""),"",IF(N591<=T591,"안정",IF(N591<=S591,"적정",IF(N591<=R591,"소신","상향")))) -> 상향 | R591: {=IFERROR(IF(OR(J591="",M591="",F591=""),"",IF(F591="학생부종합",INDEX(종합배치표!$C:$Q,MATCH(J591,종합배치표!$B:$B,0),(MATCH(M591,{"A","B","C","D","E"},0)-1)*3+1),INDEX(교과배치표!$C:$Q,MATCH(J591,교과배치표!$B:$B,0),(MATCH(M591,{"A","B","C","D","E"},0)-1)*3+1))),"")} -> 2.6 | S591: {=IFERROR(IF(OR(J591="",M591="",F591=""),"",IF(F591="학생부종합",INDEX(종합배치표!$C:$Q,MATCH(J591,종합배치표!$B:$B,0),(MATCH(M591,{"A","B","C","D","E"},0)-1)*3+2),INDEX(교과배치표!$C:$Q,MATCH(J591,교과배치표!$B:$B,0),(MATCH(M591,{"A","B","C","D","E"},0)-1)*3+2))),"")} -> 2.2 | T591: {=IFERROR(IF(OR(J591="",M591="",F591=""),"",IF(F591="학생부종합",INDEX(종합배치표!$C:$Q,MATCH(J591,종합배치표!$B:$B,0),(MATCH(M591,{"A","B","C","D","E"},0)-1)*3+3),INDEX(교과배치표!$C:$Q,MATCH(J591,교과배치표!$B:$B,0),(MATCH(M591,{"A","B","C","D","E"},0)-1)*3+3))),"")} -> 1.9 | V591: =$W$2 -> 2.7 | W591: =IF(OR(J591="",V591="",M591=""),"",IF(V591<=T591,"안정",IF(V591<=S591,"적정",IF(V591<=R591,"소신","상향")))) -> 상향
B592: 3578 | C592: 서울 | D592: 서울 | E592: 연세대학교 | F592: 학생부종합 | G592: 활동우수형전형 | H592: 심리학과 | I592: 인문 | J592: 연세활동인문1 | K592: 8 | M592: =IF(I592="","",IF(I592="인문",성적입력!$C$8,성적입력!$C$9)) -> A | N592: =성적입력!$C$15 -> 3 | P592: =IF(OR(J592="",N592="",M592=""),"",IF(N592<=T592,"안정",IF(N592<=S592,"적정",IF(N592<=R592,"소신","상향")))) -> 상향 | R592: {=IFERROR(IF(OR(J592="",M592="",F592=""),"",IF(F592="학생부종합",INDEX(종합배치표!$C:$Q,MATCH(J592,종합배치표!$B:$B,0),(MATCH(M592,{"A","B","C","D","E"},0)-1)*3+1),INDEX(교과배치표!$C:$Q,MATCH(J592,교과배치표!$B:$B,0),(MATCH(M592,{"A","B","C","D","E"},0)-1)*3+1))),"")} -> 2.6 | S592: {=IFERROR(IF(OR(J592="",M592="",F592=""),"",IF(F592="학생부종합",INDEX(종합배치표!$C:$Q,MATCH(J592,종합배치표!$B:$B,0),(MATCH(M592,{"A","B","C","D","E"},0)-1)*3+2),INDEX(교과배치표!$C:$Q,MATCH(J592,교과배치표!$B:$B,0),(MATCH(M592,{"A","B","C","D","E"},0)-1)*3+2))),"")} -> 2.2 | T592: {=IFERROR(IF(OR(J592="",M592="",F592=""),"",IF(F592="학생부종합",INDEX(종합배치표!$C:$Q,MATCH(J592,종합배치표!$B:$B,0),(MATCH(M592,{"A","B","C","D","E"},0)-1)*3+3),INDEX(교과배치표!$C:$Q,MATCH(J592,교과배치표!$B:$B,0),(MATCH(M592,{"A","B","C","D","E"},0)-1)*3+3))),"")} -> 1.9 | V592: =$W$2 -> 2.7 | W592: =IF(OR(J592="",V592="",M592=""),"",IF(V592<=T592,"안정",IF(V592<=S592,"적정",IF(V592<=R592,"소신","상향")))) -> 상향
B593: 3591 | C593: 서울 | D593: 서울 | E593: 연세대학교 | F593: 학생부종합 | G593: 활동우수형전형 | H593: 언론홍보영상학부 | I593: 인문 | J593: 연세활동인문1 | K593: 8 | M593: =IF(I593="","",IF(I593="인문",성적입력!$C$8,성적입력!$C$9)) -> A | N593: =성적입력!$C$15 -> 3 | P593: =IF(OR(J593="",N593="",M593=""),"",IF(N593<=T593,"안정",IF(N593<=S593,"적정",IF(N593<=R593,"소신","상향")))) -> 상향 | R593: {=IFERROR(IF(OR(J593="",M593="",F593=""),"",IF(F593="학생부종합",INDEX(종합배치표!$C:$Q,MATCH(J593,종합배치표!$B:$B,0),(MATCH(M593,{"A","B","C","D","E"},0)-1)*3+1),INDEX(교과배치표!$C:$Q,MATCH(J593,교과배치표!$B:$B,0),(MATCH(M593,{"A","B","C","D","E"},0)-1)*3+1))),"")} -> 2.6 | S593: {=IFERROR(IF(OR(J593="",M593="",F593=""),"",IF(F593="학생부종합",INDEX(종합배치표!$C:$Q,MATCH(J593,종합배치표!$B:$B,0),(MATCH(M593,{"A","B","C","D","E"},0)-1)*3+2),INDEX(교과배치표!$C:$Q,MATCH(J593,교과배치표!$B:$B,0),(MATCH(M593,{"A","B","C","D","E"},0)-1)*3+2))),"")} -> 2.2 | T593: {=IFERROR(IF(OR(J593="",M593="",F593=""),"",IF(F593="학생부종합",INDEX(종합배치표!$C:$Q,MATCH(J593,종합배치표!$B:$B,0),(MATCH(M593,{"A","B","C","D","E"},0)-1)*3+3),INDEX(교과배치표!$C:$Q,MATCH(J593,교과배치표!$B:$B,0),(MATCH(M593,{"A","B","C","D","E"},0)-1)*3+3))),"")} -> 1.9 | V593: =$W$2 -> 2.7 | W593: =IF(OR(J593="",V593="",M593=""),"",IF(V593<=T593,"안정",IF(V593<=S593,"적정",IF(V593<=R593,"소신","상향")))) -> 상향
B594: 3597 | C594: 서울 | D594: 서울 | E594: 연세대학교 | F594: 학생부종합 | G594: 활동우수형전형 | H594: 응용통계학과 | I594: 인문 | J594: 연세활동인문1 | K594: 11 | M594: =IF(I594="","",IF(I594="인문",성적입력!$C$8,성적입력!$C$9)) -> A | N594: =성적입력!$C$15 -> 3 | P594: =IF(OR(J594="",N594="",M594=""),"",IF(N594<=T594,"안정",IF(N594<=S594,"적정",IF(N594<=R594,"소신","상향")))) -> 상향 | R594: {=IFERROR(IF(OR(J594="",M594="",F594=""),"",IF(F594="학생부종합",INDEX(종합배치표!$C:$Q,MATCH(J594,종합배치표!$B:$B,0),(MATCH(M594,{"A","B","C","D","E"},0)-1)*3+1),INDEX(교과배치표!$C:$Q,MATCH(J594,교과배치표!$B:$B,0),(MATCH(M594,{"A","B","C","D","E"},0)-1)*3+1))),"")} -> 2.6 | S594: {=IFERROR(IF(OR(J594="",M594="",F594=""),"",IF(F594="학생부종합",INDEX(종합배치표!$C:$Q,MATCH(J594,종합배치표!$B:$B,0),(MATCH(M594,{"A","B","C","D","E"},0)-1)*3+2),INDEX(교과배치표!$C:$Q,MATCH(J594,교과배치표!$B:$B,0),(MATCH(M594,{"A","B","C","D","E"},0)-1)*3+2))),"")} -> 2.2 | T594: {=IFERROR(IF(OR(J594="",M594="",F594=""),"",IF(F594="학생부종합",INDEX(종합배치표!$C:$Q,MATCH(J594,종합배치표!$B:$B,0),(MATCH(M594,{"A","B","C","D","E"},0)-1)*3+3),INDEX(교과배치표!$C:$Q,MATCH(J594,교과배치표!$B:$B,0),(MATCH(M594,{"A","B","C","D","E"},0)-1)*3+3))),"")} -> 1.9 | V594: =$W$2 -> 2.7 | W594: =IF(OR(J594="",V594="",M594=""),"",IF(V594<=T594,"안정",IF(V594<=S594,"적정",IF(V594<=R594,"소신","상향")))) -> 상향
B595: 3521 | C595: 서울 | D595: 서울 | E595: 연세대학교 | F595: 학생부종합 | G595: 활동우수형전형 | H595: 교육학부 | I595: 인문 | J595: 연세활동인문2 | K595: 12 | M595: =IF(I595="","",IF(I595="인문",성적입력!$C$8,성적입력!$C$9)) -> A | N595: =성적입력!$C$15 -> 3 | P595: =IF(OR(J595="",N595="",M595=""),"",IF(N595<=T595,"안정",IF(N595<=S595,"적정",IF(N595<=R595,"소신","상향")))) -> 상향 | R595: {=IFERROR(IF(OR(J595="",M595="",F595=""),"",IF(F595="학생부종합",INDEX(종합배치표!$C:$Q,MATCH(J595,종합배치표!$B:$B,0),(MATCH(M595,{"A","B","C","D","E"},0)-1)*3+1),INDEX(교과배치표!$C:$Q,MATCH(J595,교과배치표!$B:$B,0),(MATCH(M595,{"A","B","C","D","E"},0)-1)*3+1))),"")} -> 2.7 | S595: {=IFERROR(IF(OR(J595="",M595="",F595=""),"",IF(F595="학생부종합",INDEX(종합배치표!$C:$Q,MATCH(J595,종합배치표!$B:$B,0),(MATCH(M595,{"A","B","C","D","E"},0)-1)*3+2),INDEX(교과배치표!$C:$Q,MATCH(J595,교과배치표!$B:$B,0),(MATCH(M595,{"A","B","C","D","E"},0)-1)*3+2))),"")} -> 2.3 | T595: {=IFERROR(IF(OR(J595="",M595="",F595=""),"",IF(F595="학생부종합",INDEX(종합배치표!$C:$Q,MATCH(J595,종합배치표!$B:$B,0),(MATCH(M595,{"A","B","C","D","E"},0)-1)*3+3),INDEX(교과배치표!$C:$Q,MATCH(J595,교과배치표!$B:$B,0),(MATCH(M595,{"A","B","C","D","E"},0)-1)*3+3))),"")} -> 2 | V595: =$W$2 -> 2.7 | W595: =IF(OR(J595="",V595="",M595=""),"",IF(V595<=T595,"안정",IF(V595<=S595,"적정",IF(V595<=R595,"소신","상향")))) -> 소신
B596: 3552 | C596: 서울 | D596: 서울 | E596: 연세대학교 | F596: 학생부종합 | G596: 활동우수형전형 | H596: 사회학과 | I596: 인문 | J596: 연세활동인문2 | K596: 8 | M596: =IF(I596="","",IF(I596="인문",성적입력!$C$8,성적입력!$C$9)) -> A | N596: =성적입력!$C$15 -> 3 | P596: =IF(OR(J596="",N596="",M596=""),"",IF(N596<=T596,"안정",IF(N596<=S596,"적정",IF(N596<=R596,"소신","상향")))) -> 상향 | R596: {=IFERROR(IF(OR(J596="",M596="",F596=""),"",IF(F596="학생부종합",INDEX(종합배치표!$C:$Q,MATCH(J596,종합배치표!$B:$B,0),(MATCH(M596,{"A","B","C","D","E"},0)-1)*3+1),INDEX(교과배치표!$C:$Q,MATCH(J596,교과배치표!$B:$B,0),(MATCH(M596,{"A","B","C","D","E"},0)-1)*3+1))),"")} -> 2.7 | S596: {=IFERROR(IF(OR(J596="",M596="",F596=""),"",IF(F596="학생부종합",INDEX(종합배치표!$C:$Q,MATCH(J596,종합배치표!$B:$B,0),(MATCH(M596,{"A","B","C","D","E"},0)-1)*3+2),INDEX(교과배치표!$C:$Q,MATCH(J596,교과배치표!$B:$B,0),(MATCH(M596,{"A","B","C","D","E"},0)-1)*3+2))),"")} -> 2.3 | T596: {=IFERROR(IF(OR(J596="",M596="",F596=""),"",IF(F596="학생부종합",INDEX(종합배치표!$C:$Q,MATCH(J596,종합배치표!$B:$B,0),(MATCH(M596,{"A","B","C","D","E"},0)-1)*3+3),INDEX(교과배치표!$C:$Q,MATCH(J596,교과배치표!$B:$B,0),(MATCH(M596,{"A","B","C","D","E"},0)-1)*3+3))),"")} -> 2 | V596: =$W$2 -> 2.7 | W596: =IF(OR(J596="",V596="",M596=""),"",IF(V596<=T596,"안정",IF(V596<=S596,"적정",IF(V596<=R596,"소신","상향")))) -> 소신
B597: 3608 | C597: 서울 | D597: 서울 | E597: 연세대학교 | F597: 학생부종합 | G597: 활동우수형전형 | H597: 정치외교학과 | I597: 인문 | J597: 연세활동인문2 | K597: 16 | M597: =IF(I597="","",IF(I597="인문",성적입력!$C$8,성적입력!$C$9)) -> A | N597: =성적입력!$C$15 -> 3 | P597: =IF(OR(J597="",N597="",M597=""),"",IF(N597<=T597,"안정",IF(N597<=S597,"적정",IF(N597<=R597,"소신","상향")))) -> 상향 | R597: {=IFERROR(IF(OR(J597="",M597="",F597=""),"",IF(F597="학생부종합",INDEX(종합배치표!$C:$Q,MATCH(J597,종합배치표!$B:$B,0),(MATCH(M597,{"A","B","C","D","E"},0)-1)*3+1),INDEX(교과배치표!$C:$Q,MATCH(J597,교과배치표!$B:$B,0),(MATCH(M597,{"A","B","C","D","E"},0)-1)*3+1))),"")} -> 2.7 | S597: {=IFERROR(IF(OR(J597="",M597="",F597=""),"",IF(F597="학생부종합",INDEX(종합배치표!$C:$Q,MATCH(J597,종합배치표!$B:$B,0),(MATCH(M597,{"A","B","C","D","E"},0)-1)*3+2),INDEX(교과배치표!$C:$Q,MATCH(J597,교과배치표!$B:$B,0),(MATCH(M597,{"A","B","C","D","E"},0)-1)*3+2))),"")} -> 2.3 | T597: {=IFERROR(IF(OR(J597="",M597="",F597=""),"",IF(F597="학생부종합",INDEX(종합배치표!$C:$Q,MATCH(J597,종합배치표!$B:$B,0),(MATCH(M597,{"A","B","C","D","E"},0)-1)*3+3),INDEX(교과배치표!$C:$Q,MATCH(J597,교과배치표!$B:$B,0),(MATCH(M597,{"A","B","C","D","E"},0)-1)*3+3))),"")} -> 2 | V597: =$W$2 -> 2.7 | W597: =IF(OR(J597="",V597="",M597=""),"",IF(V597<=T597,"안정",IF(V597<=S597,"적정",IF(V597<=R597,"소신","상향")))) -> 소신
B598: 3633 | C598: 서울 | D598: 서울 | E598: 연세대학교 | F598: 학생부종합 | G598: 활동우수형전형 | H598: 행정학과 | I598: 인문 | J598: 연세활동인문2 | K598: 16 | M598: =IF(I598="","",IF(I598="인문",성적입력!$C$8,성적입력!$C$9)) -> A | N598: =성적입력!$C$15 -> 3 | P598: =IF(OR(J598="",N598="",M598=""),"",IF(N598<=T598,"안정",IF(N598<=S598,"적정",IF(N598<=R598,"소신","상향")))) -> 상향 | R598: {=IFERROR(IF(OR(J598="",M598="",F598=""),"",IF(F598="학생부종합",INDEX(종합배치표!$C:$Q,MATCH(J598,종합배치표!$B:$B,0),(MATCH(M598,{"A","B","C","D","E"},0)-1)*3+1),INDEX(교과배치표!$C:$Q,MATCH(J598,교과배치표!$B:$B,0),(MATCH(M598,{"A","B","C","D","E"},0)-1)*3+1))),"")} -> 2.7 | S598: {=IFERROR(IF(OR(J598="",M598="",F598=""),"",IF(F598="학생부종합",INDEX(종합배치표!$C:$Q,MATCH(J598,종합배치표!$B:$B,0),(MATCH(M598,{"A","B","C","D","E"},0)-1)*3+2),INDEX(교과배치표!$C:$Q,MATCH(J598,교과배치표!$B:$B,0),(MATCH(M598,{"A","B","C","D","E"},0)-1)*3+2))),"")} -> 2.3 | T598: {=IFERROR(IF(OR(J598="",M598="",F598=""),"",IF(F598="학생부종합",INDEX(종합배치표!$C:$Q,MATCH(J598,종합배치표!$B:$B,0),(MATCH(M598,{"A","B","C","D","E"},0)-1)*3+3),INDEX(교과배치표!$C:$Q,MATCH(J598,교과배치표!$B:$B,0),(MATCH(M598,{"A","B","C","D","E"},0)-1)*3+3))),"")} -> 2 | V598: =$W$2 -> 2.7 | W598: =IF(OR(J598="",V598="",M598=""),"",IF(V598<=T598,"안정",IF(V598<=S598,"적정",IF(V598<=R598,"소신","상향")))) -> 소신
B599: 3523 | C599: 서울 | D599: 서울 | E599: 연세대학교 | F599: 학생부종합 | G599: 활동우수형전형 | H599: 국어국문학과 | I599: 인문 | J599: 연세활동인문3 | K599: 10 | M599: =IF(I599="","",IF(I599="인문",성적입력!$C$8,성적입력!$C$9)) -> A | N599: =성적입력!$C$15 -> 3 | P599: =IF(OR(J599="",N599="",M599=""),"",IF(N599<=T599,"안정",IF(N599<=S599,"적정",IF(N599<=R599,"소신","상향")))) -> 상향 | R599: {=IFERROR(IF(OR(J599="",M599="",F599=""),"",IF(F599="학생부종합",INDEX(종합배치표!$C:$Q,MATCH(J599,종합배치표!$B:$B,0),(MATCH(M599,{"A","B","C","D","E"},0)-1)*3+1),INDEX(교과배치표!$C:$Q,MATCH(J599,교과배치표!$B:$B,0),(MATCH(M599,{"A","B","C","D","E"},0)-1)*3+1))),"")} -> 2.8 | S599: {=IFERROR(IF(OR(J599="",M599="",F599=""),"",IF(F599="학생부종합",INDEX(종합배치표!$C:$Q,MATCH(J599,종합배치표!$B:$B,0),(MATCH(M599,{"A","B","C","D","E"},0)-1)*3+2),INDEX(교과배치표!$C:$Q,MATCH(J599,교과배치표!$B:$B,0),(MATCH(M599,{"A","B","C","D","E"},0)-1)*3+2))),"")} -> 2.4 | T599: {=IFERROR(IF(OR(J599="",M599="",F599=""),"",IF(F599="학생부종합",INDEX(종합배치표!$C:$Q,MATCH(J599,종합배치표!$B:$B,0),(MATCH(M599,{"A","B","C","D","E"},0)-1)*3+3),INDEX(교과배치표!$C:$Q,MATCH(J599,교과배치표!$B:$B,0),(MATCH(M599,{"A","B","C","D","E"},0)-1)*3+3))),"")} -> 2.1 | V599: =$W$2 -> 2.7 | W599: =IF(OR(J599="",V599="",M599=""),"",IF(V599<=T599,"안정",IF(V599<=S599,"적정",IF(V599<=R599,"소신","상향")))) -> 소신
B600: 3528 | C600: 서울 | D600: 서울 | E600: 연세대학교 | F600: 학생부종합 | G600: 활동우수형전형 | H600: 노어노문학과 | I600: 인문 | J600: 연세활동인문3 | K600: 6 | M600: =IF(I600="","",IF(I600="인문",성적입력!$C$8,성적입력!$C$9)) -> A | N600: =성적입력!$C$15 -> 3 | P600: =IF(OR(J600="",N600="",M600=""),"",IF(N600<=T600,"안정",IF(N600<=S600,"적정",IF(N600<=R600,"소신","상향")))) -> 상향 | R600: {=IFERROR(IF(OR(J600="",M600="",F600=""),"",IF(F600="학생부종합",INDEX(종합배치표!$C:$Q,MATCH(J600,종합배치표!$B:$B,0),(MATCH(M600,{"A","B","C","D","E"},0)-1)*3+1),INDEX(교과배치표!$C:$Q,MATCH(J600,교과배치표!$B:$B,0),(MATCH(M600,{"A","B","C","D","E"},0)-1)*3+1))),"")} -> 2.8 | S600: {=IFERROR(IF(OR(J600="",M600="",F600=""),"",IF(F600="학생부종합",INDEX(종합배치표!$C:$Q,MATCH(J600,종합배치표!$B:$B,0),(MATCH(M600,{"A","B","C","D","E"},0)-1)*3+2),INDEX(교과배치표!$C:$Q,MATCH(J600,교과배치표!$B:$B,0),(MATCH(M600,{"A","B","C","D","E"},0)-1)*3+2))),"")} -> 2.4 | T600: {=IFERROR(IF(OR(J600="",M600="",F600=""),"",IF(F600="학생부종합",INDEX(종합배치표!$C:$Q,MATCH(J600,종합배치표!$B:$B,0),(MATCH(M600,{"A","B","C","D","E"},0)-1)*3+3),INDEX(교과배치표!$C:$Q,MATCH(J600,교과배치표!$B:$B,0),(MATCH(M600,{"A","B","C","D","E"},0)-1)*3+3))),"")} -> 2.1 | V600: =$W$2 -> 2.7 | W600: =IF(OR(J600="",V600="",M600=""),"",IF(V600<=T600,"안정",IF(V600<=S600,"적정",IF(V600<=R600,"소신","상향")))) -> 소신
B601: 3534 | C601: 서울 | D601: 서울 | E601: 연세대학교 | F601: 학생부종합 | G601: 활동우수형전형 | H601: 독어독문학과 | I601: 인문 | J601: 연세활동인문3 | K601: 6 | M601: =IF(I601="","",IF(I601="인문",성적입력!$C$8,성적입력!$C$9)) -> A | N601: =성적입력!$C$15 -> 3 | P601: =IF(OR(J601="",N601="",M601=""),"",IF(N601<=T601,"안정",IF(N601<=S601,"적정",IF(N601<=R601,"소신","상향")))) -> 상향 | R601: {=IFERROR(IF(OR(J601="",M601="",F601=""),"",IF(F601="학생부종합",INDEX(종합배치표!$C:$Q,MATCH(J601,종합배치표!$B:$B,0),(MATCH(M601,{"A","B","C","D","E"},0)-1)*3+1),INDEX(교과배치표!$C:$Q,MATCH(J601,교과배치표!$B:$B,0),(MATCH(M601,{"A","B","C","D","E"},0)-1)*3+1))),"")} -> 2.8 | S601: {=IFERROR(IF(OR(J601="",M601="",F601=""),"",IF(F601="학생부종합",INDEX(종합배치표!$C:$Q,MATCH(J601,종합배치표!$B:$B,0),(MATCH(M601,{"A","B","C","D","E"},0)-1)*3+2),INDEX(교과배치표!$C:$Q,MATCH(J601,교과배치표!$B:$B,0),(MATCH(M601,{"A","B","C","D","E"},0)-1)*3+2))),"")} -> 2.4 | T601: {=IFERROR(IF(OR(J601="",M601="",F601=""),"",IF(F601="학생부종합",INDEX(종합배치표!$C:$Q,MATCH(J601,종합배치표!$B:$B,0),(MATCH(M601,{"A","B","C","D","E"},0)-1)*3+3),INDEX(교과배치표!$C:$Q,MATCH(J601,교과배치표!$B:$B,0),(MATCH(M601,{"A","B","C","D","E"},0)-1)*3+3))),"")} -> 2.1 | V601: =$W$2 -> 2.7 | W601: =IF(OR(J601="",V601="",M601=""),"",IF(V601<=T601,"안정",IF(V601<=S601,"적정",IF(V601<=R601,"소신","상향")))) -> 소신
... B633: 3617 | C633: 서울 | D633: 서울 | E633: 연세대학교 | F633: 학생부종합 | G633: 활동우수형전형 | H633: 진리자유학부(자연) | I633: 자연 | J633: 연세활동자전자연 | K633: 27 | M633: =IF(I633="","",IF(I633="인문",성적입력!$C$8,성적입력!$C$9)) -> A | N633: =성적입력!$C$15 -> 3 | P633: =IF(OR(J633="",N633="",M633=""),"",IF(N633<=T633,"안정",IF(N633<=S633,"적정",IF(N633<=R633,"소신","상향")))) -> 안정 | R633: {=IFERROR(IF(OR(J633="",M633="",F633=""),"",IF(F633="학생부종합",INDEX(종합배치표!$C:$Q,MATCH(J633,종합배치표!$B:$B,0),(MATCH(M633,{"A","B","C","D","E"},0)-1)*3+1),INDEX(교과배치표!$C:$Q,MATCH(J633,교과배치표!$B:$B,0),(MATCH(M633,{"A","B","C","D","E"},0)-1)*3+1))),"")} | S633: {=IFERROR(IF(OR(J633="",M633="",F633=""),"",IF(F633="학생부종합",INDEX(종합배치표!$C:$Q,MATCH(J633,종합배치표!$B:$B,0),(MATCH(M633,{"A","B","C","D","E"},0)-1)*3+2),INDEX(교과배치표!$C:$Q,MATCH(J633,교과배치표!$B:$B,0),(MATCH(M633,{"A","B","C","D","E"},0)-1)*3+2))),"")} | T633: {=IFERROR(IF(OR(J633="",M633="",F633=""),"",IF(F633="학생부종합",INDEX(종합배치표!$C:$Q,MATCH(J633,종합배치표!$B:$B,0),(MATCH(M633,{"A","B","C","D","E"},0)-1)*3+3),INDEX(교과배치표!$C:$Q,MATCH(J633,교과배치표!$B:$B,0),(MATCH(M633,{"A","B","C","D","E"},0)-1)*3+3))),"")} | V633: =$W$2 -> 2.7 | W633: =IF(OR(J633="",V633="",M633=""),"",IF(V633<=T633,"안정",IF(V633<=S633,"적정",IF(V633<=R633,"소신","상향")))) -> 안정
B634: 1 | C634: 대구 | D634: 대구 | E634: DGIST | F634: 학생부종합 | G634: 일반전형 | H634: 기초학부 | I634: 자연 | K634: 100 | M634: =IF(I634="","",IF(I634="인문",성적입력!$C$8,성적입력!$C$9)) -> A | N634: =성적입력!$C$15 -> 3 | P634: =IF(OR(J634="",N634="",M634=""),"",IF(N634<=T634,"안정",IF(N634<=S634,"적정",IF(N634<=R634,"소신","상향")))) | R634: {=IFERROR(IF(OR(J634="",M634="",F634=""),"",IF(F634="학생부종합",INDEX(종합배치표!$C:$Q,MATCH(J634,종합배치표!$B:$B,0),(MATCH(M634,{"A","B","C","D","E"},0)-1)*3+1),INDEX(교과배치표!$C:$Q,MATCH(J634,교과배치표!$B:$B,0),(MATCH(M634,{"A","B","C","D","E"},0)-1)*3+1))),"")} | S634: {=IFERROR(IF(OR(J634="",M634="",F634=""),"",IF(F634="학생부종합",INDEX(종합배치표!$C:$Q,MATCH(J634,종합배치표!$B:$B,0),(MATCH(M634,{"A","B","C","D","E"},0)-1)*3+2),INDEX(교과배치표!$C:$Q,MATCH(J634,교과배치표!$B:$B,0),(MATCH(M634,{"A","B","C","D","E"},0)-1)*3+2))),"")} | T634: {=IFERROR(IF(OR(J634="",M634="",F634=""),"",IF(F634="학생부종합",INDEX(종합배치표!$C:$Q,MATCH(J634,종합배치표!$B:$B,0),(MATCH(M634,{"A","B","C","D","E"},0)-1)*3+3),INDEX(교과배치표!$C:$Q,MATCH(J634,교과배치표!$B:$B,0),(MATCH(M634,{"A","B","C","D","E"},0)-1)*3+3))),"")} | V634: =$W$2 -> 2.7 | W634: =IF(OR(J634="",V634="",M634=""),"",IF(V634<=T634,"안정",IF(V634<=S634,"적정",IF(V634<=R634,"소신","상향"))))
B635: 2 | C635: 대구 | D635: 대구 | E635: DGIST | F635: 학생부종합 | G635: 학교장추천전형 | H635: 기초학부 | I635: 자연 | K635: 65 | M635: =IF(I635="","",IF(I635="인문",성적입력!$C$8,성적입력!$C$9)) -> A | N635: =성적입력!$C$15 -> 3 | P635: =IF(OR(J635="",N635="",M635=""),"",IF(N635<=T635,"안정",IF(N635<=S635,"적정",IF(N635<=R635,"소신","상향")))) | R635: {=IFERROR(IF(OR(J635="",M635="",F635=""),"",IF(F635="학생부종합",INDEX(종합배치표!$C:$Q,MATCH(J635,종합배치표!$B:$B,0),(MATCH(M635,{"A","B","C","D","E"},0)-1)*3+1),INDEX(교과배치표!$C:$Q,MATCH(J635,교과배치표!$B:$B,0),(MATCH(M635,{"A","B","C","D","E"},0)-1)*3+1))),"")} | S635: {=IFERROR(IF(OR(J635="",M635="",F635=""),"",IF(F635="학생부종합",INDEX(종합배치표!$C:$Q,MATCH(J635,종합배치표!$B:$B,0),(MATCH(M635,{"A","B","C","D","E"},0)-1)*3+2),INDEX(교과배치표!$C:$Q,MATCH(J635,교과배치표!$B:$B,0),(MATCH(M635,{"A","B","C","D","E"},0)-1)*3+2))),"")} | T635: {=IFERROR(IF(OR(J635="",M635="",F635=""),"",IF(F635="학생부종합",INDEX(종합배치표!$C:$Q,MATCH(J635,종합배치표!$B:$B,0),(MATCH(M635,{"A","B","C","D","E"},0)-1)*3+3),INDEX(교과배치표!$C:$Q,MATCH(J635,교과배치표!$B:$B,0),(MATCH(M635,{"A","B","C","D","E"},0)-1)*3+3))),"")} | V635: =$W$2 -> 2.7 | W635: =IF(OR(J635="",V635="",M635=""),"",IF(V635<=T635,"안정",IF(V635<=S635,"적정",IF(V635<=R635,"소신","상향"))))
B636: 3 | C636: 대구 | D636: 대구 | E636: DGIST | F636: 학생부종합 | G636: 일반전형 | H636: 반도체공학과(학석사통합) | I636: 자연 | K636: 15 | M636: =IF(I636="","",IF(I636="인문",성적입력!$C$8,성적입력!$C$9)) -> A | N636: =성적입력!$C$15 -> 3 | P636: =IF(OR(J636="",N636="",M636=""),"",IF(N636<=T636,"안정",IF(N636<=S636,"적정",IF(N636<=R636,"소신","상향")))) | R636: {=IFERROR(IF(OR(J636="",M636="",F636=""),"",IF(F636="학생부종합",INDEX(종합배치표!$C:$Q,MATCH(J636,종합배치표!$B:$B,0),(MATCH(M636,{"A","B","C","D","E"},0)-1)*3+1),INDEX(교과배치표!$C:$Q,MATCH(J636,교과배치표!$B:$B,0),(MATCH(M636,{"A","B","C","D","E"},0)-1)*3+1))),"")} | S636: {=IFERROR(IF(OR(J636="",M636="",F636=""),"",IF(F636="학생부종합",INDEX(종합배치표!$C:$Q,MATCH(J636,종합배치표!$B:$B,0),(MATCH(M636,{"A","B","C","D","E"},0)-1)*3+2),INDEX(교과배치표!$C:$Q,MATCH(J636,교과배치표!$B:$B,0),(MATCH(M636,{"A","B","C","D","E"},0)-1)*3+2))),"")} | T636: {=IFERROR(IF(OR(J636="",M636="",F636=""),"",IF(F636="학생부종합",INDEX(종합배치표!$C:$Q,MATCH(J636,종합배치표!$B:$B,0),(MATCH(M636,{"A","B","C","D","E"},0)-1)*3+3),INDEX(교과배치표!$C:$Q,MATCH(J636,교과배치표!$B:$B,0),(MATCH(M636,{"A","B","C","D","E"},0)-1)*3+3))),"")} | V636: =$W$2 -> 2.7 | W636: =IF(OR(J636="",V636="",M636=""),"",IF(V636<=T636,"안정",IF(V636<=S636,"적정",IF(V636<=R636,"소신","상향"))))
B637: 4 | C637: 대구 | D637: 대구 | E637: DGIST | F637: 학생부종합 | G637: 학교장추천전형 | H637: 반도체공학과(학석사통합) | I637: 자연 | K637: 12 | M637: =IF(I637="","",IF(I637="인문",성적입력!$C$8,성적입력!$C$9)) -> A | N637: =성적입력!$C$15 -> 3 | P637: =IF(OR(J637="",N637="",M637=""),"",IF(N637<=T637,"안정",IF(N637<=S637,"적정",IF(N637<=R637,"소신","상향")))) | R637: {=IFERROR(IF(OR(J637="",M637="",F637=""),"",IF(F637="학생부종합",INDEX(종합배치표!$C:$Q,MATCH(J637,종합배치표!$B:$B,0),(MATCH(M637,{"A","B","C","D","E"},0)-1)*3+1),INDEX(교과배치표!$C:$Q,MATCH(J637,교과배치표!$B:$B,0),(MATCH(M637,{"A","B","C","D","E"},0)-1)*3+1))),"")} | S637: {=IFERROR(IF(OR(J637="",M637="",F637=""),"",IF(F637="학생부종합",INDEX(종합배치표!$C:$Q,MATCH(J637,종합배치표!$B:$B,0),(MATCH(M637,{"A","B","C","D","E"},0)-1)*3+2),INDEX(교과배치표!$C:$Q,MATCH(J637,교과배치표!$B:$B,0),(MATCH(M637,{"A","B","C","D","E"},0)-1)*3+2))),"")} | T637: {=IFERROR(IF(OR(J637="",M637="",F637=""),"",IF(F637="학생부종합",INDEX(종합배치표!$C:$Q,MATCH(J637,종합배치표!$B:$B,0),(MATCH(M637,{"A","B","C","D","E"},0)-1)*3+3),INDEX(교과배치표!$C:$Q,MATCH(J637,교과배치표!$B:$B,0),(MATCH(M637,{"A","B","C","D","E"},0)-1)*3+3))),"")} | V637: =$W$2 -> 2.7 | W637: =IF(OR(J637="",V637="",M637=""),"",IF(V637<=T637,"안정",IF(V637<=S637,"적정",IF(V637<=R637,"소신","상향"))))
B638: 5 | C638: 광주 | D638: 광주 | E638: GIST | F638: 학생부종합 | G638: 일반전형 | H638: 단일계열 | I638: 자연 | K638: 125 | M638: =IF(I638="","",IF(I638="인문",성적입력!$C$8,성적입력!$C$9)) -> A | N638: =성적입력!$C$15 -> 3 | P638: =IF(OR(J638="",N638="",M638=""),"",IF(N638<=T638,"안정",IF(N638<=S638,"적정",IF(N638<=R638,"소신","상향")))) | R638: {=IFERROR(IF(OR(J638="",M638="",F638=""),"",IF(F638="학생부종합",INDEX(종합배치표!$C:$Q,MATCH(J638,종합배치표!$B:$B,0),(MATCH(M638,{"A","B","C","D","E"},0)-1)*3+1),INDEX(교과배치표!$C:$Q,MATCH(J638,교과배치표!$B:$B,0),(MATCH(M638,{"A","B","C","D","E"},0)-1)*3+1))),"")} | S638: {=IFERROR(IF(OR(J638="",M638="",F638=""),"",IF(F638="학생부종합",INDEX(종합배치표!$C:$Q,MATCH(J638,종합배치표!$B:$B,0),(MATCH(M638,{"A","B","C","D","E"},0)-1)*3+2),INDEX(교과배치표!$C:$Q,MATCH(J638,교과배치표!$B:$B,0),(MATCH(M638,{"A","B","C","D","E"},0)-1)*3+2))),"")} | T638: {=IFERROR(IF(OR(J638="",M638="",F638=""),"",IF(F638="학생부종합",INDEX(종합배치표!$C:$Q,MATCH(J638,종합배치표!$B:$B,0),(MATCH(M638,{"A","B","C","D","E"},0)-1)*3+3),INDEX(교과배치표!$C:$Q,MATCH(J638,교과배치표!$B:$B,0),(MATCH(M638,{"A","B","C","D","E"},0)-1)*3+3))),"")} | V638: =$W$2 -> 2.7 | W638: =IF(OR(J638="",V638="",M638=""),"",IF(V638<=T638,"안정",IF(V638<=S638,"적정",IF(V638<=R638,"소신","상향"))))
B639: 7 | C639: 광주 | D639: 광주 | E639: GIST | F639: 학생부종합 | G639: 학교장추천전형 | H639: 단일계열 | I639: 자연 | K639: 40 | M639: =IF(I639="","",IF(I639="인문",성적입력!$C$8,성적입력!$C$9)) -> A | N639: =성적입력!$C$15 -> 3 | P639: =IF(OR(J639="",N639="",M639=""),"",IF(N639<=T639,"안정",IF(N639<=S639,"적정",IF(N639<=R639,"소신","상향")))) | R639: {=IFERROR(IF(OR(J639="",M639="",F639=""),"",IF(F639="학생부종합",INDEX(종합배치표!$C:$Q,MATCH(J639,종합배치표!$B:$B,0),(MATCH(M639,{"A","B","C","D","E"},0)-1)*3+1),INDEX(교과배치표!$C:$Q,MATCH(J639,교과배치표!$B:$B,0),(MATCH(M639,{"A","B","C","D","E"},0)-1)*3+1))),"")} | S639: {=IFERROR(IF(OR(J639="",M639="",F639=""),"",IF(F639="학생부종합",INDEX(종합배치표!$C:$Q,MATCH(J639,종합배치표!$B:$B,0),(MATCH(M639,{"A","B","C","D","E"},0)-1)*3+2),INDEX(교과배치표!$C:$Q,MATCH(J639,교과배치표!$B:$B,0),(MATCH(M639,{"A","B","C","D","E"},0)-1)*3+2))),"")} | T639: {=IFERROR(IF(OR(J639="",M639="",F639=""),"",IF(F639="학생부종합",INDEX(종합배치표!$C:$Q,MATCH(J639,종합배치표!$B:$B,0),(MATCH(M639,{"A","B","C","D","E"},0)-1)*3+3),INDEX(교과배치표!$C:$Q,MATCH(J639,교과배치표!$B:$B,0),(MATCH(M639,{"A","B","C","D","E"},0)-1)*3+3))),"")} | V639: =$W$2 -> 2.7 | W639: =IF(OR(J639="",V639="",M639=""),"",IF(V639<=T639,"안정",IF(V639<=S639,"적정",IF(V639<=R639,"소신","상향"))))
B640: 8 | C640: 광주 | D640: 광주 | E640: GIST | F640: 학생부종합 | G640: 일반전형(외) | H640: 반도체공학과(학석사통합) | I640: 자연 | K640: 25 | M640: =IF(I640="","",IF(I640="인문",성적입력!$C$8,성적입력!$C$9)) -> A | N640: =성적입력!$C$15 -> 3 | P640: =IF(OR(J640="",N640="",M640=""),"",IF(N640<=T640,"안정",IF(N640<=S640,"적정",IF(N640<=R640,"소신","상향")))) | R640: {=IFERROR(IF(OR(J640="",M640="",F640=""),"",IF(F640="학생부종합",INDEX(종합배치표!$C:$Q,MATCH(J640,종합배치표!$B:$B,0),(MATCH(M640,{"A","B","C","D","E"},0)-1)*3+1),INDEX(교과배치표!$C:$Q,MATCH(J640,교과배치표!$B:$B,0),(MATCH(M640,{"A","B","C","D","E"},0)-1)*3+1))),"")} | S640: {=IFERROR(IF(OR(J640="",M640="",F640=""),"",IF(F640="학생부종합",INDEX(종합배치표!$C:$Q,MATCH(J640,종합배치표!$B:$B,0),(MATCH(M640,{"A","B","C","D","E"},0)-1)*3+2),INDEX(교과배치표!$C:$Q,MATCH(J640,교과배치표!$B:$B,0),(MATCH(M640,{"A","B","C","D","E"},0)-1)*3+2))),"")} | T640: {=IFERROR(IF(OR(J640="",M640="",F640=""),"",IF(F640="학생부종합",INDEX(종합배치표!$C:$Q,MATCH(J640,종합배치표!$B:$B,0),(MATCH(M640,{"A","B","C","D","E"},0)-1)*3+3),INDEX(교과배치표!$C:$Q,MATCH(J640,교과배치표!$B:$B,0),(MATCH(M640,{"A","B","C","D","E"},0)-1)*3+3))),"")} | V640: =$W$2 -> 2.7 | W640: =IF(OR(J640="",V640="",M640=""),"",IF(V640<=T640,"안정",IF(V640<=S640,"적정",IF(V640<=R640,"소신","상향"))))
B641: 9 | C641: 충남 | D641: 대전 | E641: KAIST | F641: 학생부종합 | G641: 일반전형 | H641: 단일계열 | I641: 자연 | K641: 350 | M641: =IF(I641="","",IF(I641="인문",성적입력!$C$8,성적입력!$C$9)) -> A | N641: =성적입력!$C$15 -> 3 | P641: =IF(OR(J641="",N641="",M641=""),"",IF(N641<=T641,"안정",IF(N641<=S641,"적정",IF(N641<=R641,"소신","상향")))) | R641: {=IFERROR(IF(OR(J641="",M641="",F641=""),"",IF(F641="학생부종합",INDEX(종합배치표!$C:$Q,MATCH(J641,종합배치표!$B:$B,0),(MATCH(M641,{"A","B","C","D","E"},0)-1)*3+1),INDEX(교과배치표!$C:$Q,MATCH(J641,교과배치표!$B:$B,0),(MATCH(M641,{"A","B","C","D","E"},0)-1)*3+1))),"")} | S641: {=IFERROR(IF(OR(J641="",M641="",F641=""),"",IF(F641="학생부종합",INDEX(종합배치표!$C:$Q,MATCH(J641,종합배치표!$B:$B,0),(MATCH(M641,{"A","B","C","D","E"},0)-1)*3+2),INDEX(교과배치표!$C:$Q,MATCH(J641,교과배치표!$B:$B,0),(MATCH(M641,{"A","B","C","D","E"},0)-1)*3+2))),"")} | T641: {=IFERROR(IF(OR(J641="",M641="",F641=""),"",IF(F641="학생부종합",INDEX(종합배치표!$C:$Q,MATCH(J641,종합배치표!$B:$B,0),(MATCH(M641,{"A","B","C","D","E"},0)-1)*3+3),INDEX(교과배치표!$C:$Q,MATCH(J641,교과배치표!$B:$B,0),(MATCH(M641,{"A","B","C","D","E"},0)-1)*3+3))),"")} | V641: =$W$2 -> 2.7 | W641: =IF(OR(J641="",V641="",M641=""),"",IF(V641<=T641,"안정",IF(V641<=S641,"적정",IF(V641<=R641,"소신","상향"))))
B642: 10 | C642: 충남 | D642: 대전 | E642: KAIST | F642: 학생부종합 | G642: 창의도전전형 | H642: 단일계열 | I642: 자연 | K642: 200 | M642: =IF(I642="","",IF(I642="인문",성적입력!$C$8,성적입력!$C$9)) -> A | N642: =성적입력!$C$15 -> 3 | P642: =IF(OR(J642="",N642="",M642=""),"",IF(N642<=T642,"안정",IF(N642<=S642,"적정",IF(N642<=R642,"소신","상향")))) | R642: {=IFERROR(IF(OR(J642="",M642="",F642=""),"",IF(F642="학생부종합",INDEX(종합배치표!$C:$Q,MATCH(J642,종합배치표!$B:$B,0),(MATCH(M642,{"A","B","C","D","E"},0)-1)*3+1),INDEX(교과배치표!$C:$Q,MATCH(J642,교과배치표!$B:$B,0),(MATCH(M642,{"A","B","C","D","E"},0)-1)*3+1))),"")} | S642: {=IFERROR(IF(OR(J642="",M642="",F642=""),"",IF(F642="학생부종합",INDEX(종합배치표!$C:$Q,MATCH(J642,종합배치표!$B:$B,0),(MATCH(M642,{"A","B","C","D","E"},0)-1)*3+2),INDEX(교과배치표!$C:$Q,MATCH(J642,교과배치표!$B:$B,0),(MATCH(M642,{"A","B","C","D","E"},0)-1)*3+2))),"")} | T642: {=IFERROR(IF(OR(J642="",M642="",F642=""),"",IF(F642="학생부종합",INDEX(종합배치표!$C:$Q,MATCH(J642,종합배치표!$B:$B,0),(MATCH(M642,{"A","B","C","D","E"},0)-1)*3+3),INDEX(교과배치표!$C:$Q,MATCH(J642,교과배치표!$B:$B,0),(MATCH(M642,{"A","B","C","D","E"},0)-1)*3+3))),"")} | V642: =$W$2 -> 2.7 | W642: =IF(OR(J642="",V642="",M642=""),"",IF(V642<=T642,"안정",IF(V642<=S642,"적정",IF(V642<=R642,"소신","상향"))))
B643: 12 | C643: 충남 | D643: 대전 | E643: KAIST | F643: 학생부종합 | G643: 학교장추천전형 | H643: 단일계열 | I643: 자연 | K643: 85 | M643: =IF(I643="","",IF(I643="인문",성적입력!$C$8,성적입력!$C$9)) -> A | N643: =성적입력!$C$15 -> 3 | P643: =IF(OR(J643="",N643="",M643=""),"",IF(N643<=T643,"안정",IF(N643<=S643,"적정",IF(N643<=R643,"소신","상향")))) | R643: {=IFERROR(IF(OR(J643="",M643="",F643=""),"",IF(F643="학생부종합",INDEX(종합배치표!$C:$Q,MATCH(J643,종합배치표!$B:$B,0),(MATCH(M643,{"A","B","C","D","E"},0)-1)*3+1),INDEX(교과배치표!$C:$Q,MATCH(J643,교과배치표!$B:$B,0),(MATCH(M643,{"A","B","C","D","E"},0)-1)*3+1))),"")} | S643: {=IFERROR(IF(OR(J643="",M643="",F643=""),"",IF(F643="학생부종합",INDEX(종합배치표!$C:$Q,MATCH(J643,종합배치표!$B:$B,0),(MATCH(M643,{"A","B","C","D","E"},0)-1)*3+2),INDEX(교과배치표!$C:$Q,MATCH(J643,교과배치표!$B:$B,0),(MATCH(M643,{"A","B","C","D","E"},0)-1)*3+2))),"")} | T643: {=IFERROR(IF(OR(J643="",M643="",F643=""),"",IF(F643="학생부종합",INDEX(종합배치표!$C:$Q,MATCH(J643,종합배치표!$B:$B,0),(MATCH(M643,{"A","B","C","D","E"},0)-1)*3+3),INDEX(교과배치표!$C:$Q,MATCH(J643,교과배치표!$B:$B,0),(MATCH(M643,{"A","B","C","D","E"},0)-1)*3+3))),"")} | V643: =$W$2 -> 2.7 | W643: =IF(OR(J643="",V643="",M643=""),"",IF(V643<=T643,"안정",IF(V643<=S643,"적정",IF(V643<=R643,"소신","상향"))))
B644: 13 | C644: 충남 | D644: 대전 | E644: KAIST | F644: 학생부종합 | G644: 반도체시스템인재전형 I | H644: 반도체공학과(외) | I644: 자연 | K644: 30 | M644: =IF(I644="","",IF(I644="인문",성적입력!$C$8,성적입력!$C$9)) -> A | N644: =성적입력!$C$15 -> 3 | P644: =IF(OR(J644="",N644="",M644=""),"",IF(N644<=T644,"안정",IF(N644<=S644,"적정",IF(N644<=R644,"소신","상향")))) | R644: {=IFERROR(IF(OR(J644="",M644="",F644=""),"",IF(F644="학생부종합",INDEX(종합배치표!$C:$Q,MATCH(J644,종합배치표!$B:$B,0),(MATCH(M644,{"A","B","C","D","E"},0)-1)*3+1),INDEX(교과배치표!$C:$Q,MATCH(J644,교과배치표!$B:$B,0),(MATCH(M644,{"A","B","C","D","E"},0)-1)*3+1))),"")} | S644: {=IFERROR(IF(OR(J644="",M644="",F644=""),"",IF(F644="학생부종합",INDEX(종합배치표!$C:$Q,MATCH(J644,종합배치표!$B:$B,0),(MATCH(M644,{"A","B","C","D","E"},0)-1)*3+2),INDEX(교과배치표!$C:$Q,MATCH(J644,교과배치표!$B:$B,0),(MATCH(M644,{"A","B","C","D","E"},0)-1)*3+2))),"")} | T644: {=IFERROR(IF(OR(J644="",M644="",F644=""),"",IF(F644="학생부종합",INDEX(종합배치표!$C:$Q,MATCH(J644,종합배치표!$B:$B,0),(MATCH(M644,{"A","B","C","D","E"},0)-1)*3+3),INDEX(교과배치표!$C:$Q,MATCH(J644,교과배치표!$B:$B,0),(MATCH(M644,{"A","B","C","D","E"},0)-1)*3+3))),"")} | V644: =$W$2 -> 2.7 | W644: =IF(OR(J644="",V644="",M644=""),"",IF(V644<=T644,"안정",IF(V644<=S644,"적정",IF(V644<=R644,"소신","상향"))))
B645: 14 | C645: 충남 | D645: 대전 | E645: KAIST | F645: 학생부종합 | G645: 반도체시스템인재전형 II | H645: 반도체공학과(외) | I645: 자연 | K645: 70 | M645: =IF(I645="","",IF(I645="인문",성적입력!$C$8,성적입력!$C$9)) -> A | N645: =성적입력!$C$15 -> 3 | P645: =IF(OR(J645="",N645="",M645=""),"",IF(N645<=T645,"안정",IF(N645<=S645,"적정",IF(N645<=R645,"소신","상향")))) | R645: {=IFERROR(IF(OR(J645="",M645="",F645=""),"",IF(F645="학생부종합",INDEX(종합배치표!$C:$Q,MATCH(J645,종합배치표!$B:$B,0),(MATCH(M645,{"A","B","C","D","E"},0)-1)*3+1),INDEX(교과배치표!$C:$Q,MATCH(J645,교과배치표!$B:$B,0),(MATCH(M645,{"A","B","C","D","E"},0)-1)*3+1))),"")} | S645: {=IFERROR(IF(OR(J645="",M645="",F645=""),"",IF(F645="학생부종합",INDEX(종합배치표!$C:$Q,MATCH(J645,종합배치표!$B:$B,0),(MATCH(M645,{"A","B","C","D","E"},0)-1)*3+2),INDEX(교과배치표!$C:$Q,MATCH(J645,교과배치표!$B:$B,0),(MATCH(M645,{"A","B","C","D","E"},0)-1)*3+2))),"")} | T645: {=IFERROR(IF(OR(J645="",M645="",F645=""),"",IF(F645="학생부종합",INDEX(종합배치표!$C:$Q,MATCH(J645,종합배치표!$B:$B,0),(MATCH(M645,{"A","B","C","D","E"},0)-1)*3+3),INDEX(교과배치표!$C:$Q,MATCH(J645,교과배치표!$B:$B,0),(MATCH(M645,{"A","B","C","D","E"},0)-1)*3+3))),"")} | V645: =$W$2 -> 2.7 | W645: =IF(OR(J645="",V645="",M645=""),"",IF(V645<=T645,"안정",IF(V645<=S645,"적정",IF(V645<=R645,"소신","상향"))))
... B2713: 3077 | C2713: 서울 | D2713: 서울 | E2713: 세종대학교 | F2713: 학생부종합 | G2713: 창의인재전형(서류형) | H2713: 교육학과 | I2713: 인문 | K2713: 2 | M2713: =IF(I2713="","",IF(I2713="인문",성적입력!$C$8,성적입력!$C$9)) -> A | N2713: =성적입력!$C$15 -> 3 | P2713: =IF(OR(J2713="",N2713="",M2713=""),"",IF(N2713<=T2713,"안정",IF(N2713<=S2713,"적정",IF(N2713<=R2713,"소신","상향")))) | R2713: {=IFERROR(IF(OR(J2713="",M2713="",F2713=""),"",IF(F2713="학생부종합",INDEX(종합배치표!$C:$Q,MATCH(J2713,종합배치표!$B:$B,0),(MATCH(M2713,{"A","B","C","D","E"},0)-1)*3+1),INDEX(교과배치표!$C:$Q,MATCH(J2713,교과배치표!$B:$B,0),(MATCH(M2713,{"A","B","C","D","E"},0)-1)*3+1))),"")} | S2713: {=IFERROR(IF(OR(J2713="",M2713="",F2713=""),"",IF(F2713="학생부종합",INDEX(종합배치표!$C:$Q,MATCH(J2713,종합배치표!$B:$B,0),(MATCH(M2713,{"A","B","C","D","E"},0)-1)*3+2),INDEX(교과배치표!$C:$Q,MATCH(J2713,교과배치표!$B:$B,0),(MATCH(M2713,{"A","B","C","D","E"},0)-1)*3+2))),"")} | T2713: {=IFERROR(IF(OR(J2713="",M2713="",F2713=""),"",IF(F2713="학생부종합",INDEX(종합배치표!$C:$Q,MATCH(J2713,종합배치표!$B:$B,0),(MATCH(M2713,{"A","B","C","D","E"},0)-1)*3+3),INDEX(교과배치표!$C:$Q,MATCH(J2713,교과배치표!$B:$B,0),(MATCH(M2713,{"A","B","C","D","E"},0)-1)*3+3))),"")} | V2713: =$W$2 -> 2.7 | W2713: =IF(OR(J2713="",V2713="",M2713=""),"",IF(V2713<=T2713,"안정",IF(V2713<=S2713,"적정",IF(V2713<=R2713,"소신","상향"))))
B2714: 3078 | C2714: 서울 | D2714: 서울 | E2714: 세종대학교 | F2714: 학생부종합 | G2714: 국방시스템공학(외) | H2714: 국방AI로봇융합공학과(해병대) | I2714: 통합 | K2714: 남:21 여:3 | M2714: =IF(I2714="","",IF(I2714="인문",성적입력!$C$8,성적입력!$C$9)) -> A | N2714: =성적입력!$C$15 -> 3 | P2714: =IF(OR(J2714="",N2714="",M2714=""),"",IF(N2714<=T2714,"안정",IF(N2714<=S2714,"적정",IF(N2714<=R2714,"소신","상향")))) | R2714: {=IFERROR(IF(OR(J2714="",M2714="",F2714=""),"",IF(F2714="학생부종합",INDEX(종합배치표!$C:$Q,MATCH(J2714,종합배치표!$B:$B,0),(MATCH(M2714,{"A","B","C","D","E"},0)-1)*3+1),INDEX(교과배치표!$C:$Q,MATCH(J2714,교과배치표!$B:$B,0),(MATCH(M2714,{"A","B","C","D","E"},0)-1)*3+1))),"")} | S2714: {=IFERROR(IF(OR(J2714="",M2714="",F2714=""),"",IF(F2714="학생부종합",INDEX(종합배치표!$C:$Q,MATCH(J2714,종합배치표!$B:$B,0),(MATCH(M2714,{"A","B","C","D","E"},0)-1)*3+2),INDEX(교과배치표!$C:$Q,MATCH(J2714,교과배치표!$B:$B,0),(MATCH(M2714,{"A","B","C","D","E"},0)-1)*3+2))),"")} | T2714: {=IFERROR(IF(OR(J2714="",M2714="",F2714=""),"",IF(F2714="학생부종합",INDEX(종합배치표!$C:$Q,MATCH(J2714,종합배치표!$B:$B,0),(MATCH(M2714,{"A","B","C","D","E"},0)-1)*3+3),INDEX(교과배치표!$C:$Q,MATCH(J2714,교과배치표!$B:$B,0),(MATCH(M2714,{"A","B","C","D","E"},0)-1)*3+3))),"")} | V2714: =$W$2 -> 2.7 | W2714: =IF(OR(J2714="",V2714="",M2714=""),"",IF(V2714<=T2714,"안정",IF(V2714<=S2714,"적정",IF(V2714<=R2714,"소신","상향"))))
B2715: 3079 | C2715: 서울 | D2715: 서울 | E2715: 세종대학교 | F2715: 학생부종합 | G2715: 국방시스템공학(외) | H2715: 국방AI융합시스템공학과(해군) | I2715: 통합 | K2715: 남:28 여:4 | M2715: =IF(I2715="","",IF(I2715="인문",성적입력!$C$8,성적입력!$C$9)) -> A | N2715: =성적입력!$C$15 -> 3 | P2715: =IF(OR(J2715="",N2715="",M2715=""),"",IF(N2715<=T2715,"안정",IF(N2715<=S2715,"적정",IF(N2715<=R2715,"소신","상향")))) | R2715: {=IFERROR(IF(OR(J2715="",M2715="",F2715=""),"",IF(F2715="학생부종합",INDEX(종합배치표!$C:$Q,MATCH(J2715,종합배치표!$B:$B,0),(MATCH(M2715,{"A","B","C","D","E"},0)-1)*3+1),INDEX(교과배치표!$C:$Q,MATCH(J2715,교과배치표!$B:$B,0),(MATCH(M2715,{"A","B","C","D","E"},0)-1)*3+1))),"")} | S2715: {=IFERROR(IF(OR(J2715="",M2715="",F2715=""),"",IF(F2715="학생부종합",INDEX(종합배치표!$C:$Q,MATCH(J2715,종합배치표!$B:$B,0),(MATCH(M2715,{"A","B","C","D","E"},0)-1)*3+2),INDEX(교과배치표!$C:$Q,MATCH(J2715,교과배치표!$B:$B,0),(MATCH(M2715,{"A","B","C","D","E"},0)-1)*3+2))),"")} | T2715: {=IFERROR(IF(OR(J2715="",M2715="",F2715=""),"",IF(F2715="학생부종합",INDEX(종합배치표!$C:$Q,MATCH(J2715,종합배치표!$B:$B,0),(MATCH(M2715,{"A","B","C","D","E"},0)-1)*3+3),INDEX(교과배치표!$C:$Q,MATCH(J2715,교과배치표!$B:$B,0),(MATCH(M2715,{"A","B","C","D","E"},0)-1)*3+3))),"")} | V2715: =$W$2 -> 2.7 | W2715: =IF(OR(J2715="",V2715="",M2715=""),"",IF(V2715<=T2715,"안정",IF(V2715<=S2715,"적정",IF(V2715<=R2715,"소신","상향"))))
B2716: 3080 | C2716: 서울 | D2716: 서울 | E2716: 세종대학교 | F2716: 학생부교과 | G2716: 지역균형전형 | H2716: 국어국문학과 | I2716: 인문 | K2716: 4 | M2716: =IF(I2716="","",IF(I2716="인문",성적입력!$C$8,성적입력!$C$9)) -> A | N2716: =성적입력!$C$15 -> 3 | P2716: =IF(OR(J2716="",N2716="",M2716=""),"",IF(N2716<=T2716,"안정",IF(N2716<=S2716,"적정",IF(N2716<=R2716,"소신","상향")))) | R2716: {=IFERROR(IF(OR(J2716="",M2716="",F2716=""),"",IF(F2716="학생부종합",INDEX(종합배치표!$C:$Q,MATCH(J2716,종합배치표!$B:$B,0),(MATCH(M2716,{"A","B","C","D","E"},0)-1)*3+1),INDEX(교과배치표!$C:$Q,MATCH(J2716,교과배치표!$B:$B,0),(MATCH(M2716,{"A","B","C","D","E"},0)-1)*3+1))),"")} | S2716: {=IFERROR(IF(OR(J2716="",M2716="",F2716=""),"",IF(F2716="학생부종합",INDEX(종합배치표!$C:$Q,MATCH(J2716,종합배치표!$B:$B,0),(MATCH(M2716,{"A","B","C","D","E"},0)-1)*3+2),INDEX(교과배치표!$C:$Q,MATCH(J2716,교과배치표!$B:$B,0),(MATCH(M2716,{"A","B","C","D","E"},0)-1)*3+2))),"")} | T2716: {=IFERROR(IF(OR(J2716="",M2716="",F2716=""),"",IF(F2716="학생부종합",INDEX(종합배치표!$C:$Q,MATCH(J2716,종합배치표!$B:$B,0),(MATCH(M2716,{"A","B","C","D","E"},0)-1)*3+3),INDEX(교과배치표!$C:$Q,MATCH(J2716,교과배치표!$B:$B,0),(MATCH(M2716,{"A","B","C","D","E"},0)-1)*3+3))),"")} | V2716: =$W$2 -> 2.7 | W2716: =IF(OR(J2716="",V2716="",M2716=""),"",IF(V2716<=T2716,"안정",IF(V2716<=S2716,"적정",IF(V2716<=R2716,"소신","상향"))))
B2717: 3081 | C2717: 서울 | D2717: 서울 | E2717: 세종대학교 | F2717: 학생부종합 | G2717: 창의인재전형(면접형) | H2717: 국어국문학과 | I2717: 인문 | K2717: 3 | M2717: =IF(I2717="","",IF(I2717="인문",성적입력!$C$8,성적입력!$C$9)) -> A | N2717: =성적입력!$C$15 -> 3 | P2717: =IF(OR(J2717="",N2717="",M2717=""),"",IF(N2717<=T2717,"안정",IF(N2717<=S2717,"적정",IF(N2717<=R2717,"소신","상향")))) | R2717: {=IFERROR(IF(OR(J2717="",M2717="",F2717=""),"",IF(F2717="학생부종합",INDEX(종합배치표!$C:$Q,MATCH(J2717,종합배치표!$B:$B,0),(MATCH(M2717,{"A","B","C","D","E"},0)-1)*3+1),INDEX(교과배치표!$C:$Q,MATCH(J2717,교과배치표!$B:$B,0),(MATCH(M2717,{"A","B","C","D","E"},0)-1)*3+1))),"")} | S2717: {=IFERROR(IF(OR(J2717="",M2717="",F2717=""),"",IF(F2717="학생부종합",INDEX(종합배치표!$C:$Q,MATCH(J2717,종합배치표!$B:$B,0),(MATCH(M2717,{"A","B","C","D","E"},0)-1)*3+2),INDEX(교과배치표!$C:$Q,MATCH(J2717,교과배치표!$B:$B,0),(MATCH(M2717,{"A","B","C","D","E"},0)-1)*3+2))),"")} | T2717: {=IFERROR(IF(OR(J2717="",M2717="",F2717=""),"",IF(F2717="학생부종합",INDEX(종합배치표!$C:$Q,MATCH(J2717,종합배치표!$B:$B,0),(MATCH(M2717,{"A","B","C","D","E"},0)-1)*3+3),INDEX(교과배치표!$C:$Q,MATCH(J2717,교과배치표!$B:$B,0),(MATCH(M2717,{"A","B","C","D","E"},0)-1)*3+3))),"")} | V2717: =$W$2 -> 2.7 | W2717: =IF(OR(J2717="",V2717="",M2717=""),"",IF(V2717<=T2717,"안정",IF(V2717<=S2717,"적정",IF(V2717<=R2717,"소신","상향"))))
B2718: 3082 | C2718: 서울 | D2718: 서울 | E2718: 세종대학교 | F2718: 학생부종합 | G2718: 창의인재전형(서류형) | H2718: 국어국문학과 | I2718: 인문 | K2718: 2 | M2718: =IF(I2718="","",IF(I2718="인문",성적입력!$C$8,성적입력!$C$9)) -> A | N2718: =성적입력!$C$15 -> 3 | P2718: =IF(OR(J2718="",N2718="",M2718=""),"",IF(N2718<=T2718,"안정",IF(N2718<=S2718,"적정",IF(N2718<=R2718,"소신","상향")))) | R2718: {=IFERROR(IF(OR(J2718="",M2718="",F2718=""),"",IF(F2718="학생부종합",INDEX(종합배치표!$C:$Q,MATCH(J2718,종합배치표!$B:$B,0),(MATCH(M2718,{"A","B","C","D","E"},0)-1)*3+1),INDEX(교과배치표!$C:$Q,MATCH(J2718,교과배치표!$B:$B,0),(MATCH(M2718,{"A","B","C","D","E"},0)-1)*3+1))),"")} | S2718: {=IFERROR(IF(OR(J2718="",M2718="",F2718=""),"",IF(F2718="학생부종합",INDEX(종합배치표!$C:$Q,MATCH(J2718,종합배치표!$B:$B,0),(MATCH(M2718,{"A","B","C","D","E"},0)-1)*3+2),INDEX(교과배치표!$C:$Q,MATCH(J2718,교과배치표!$B:$B,0),(MATCH(M2718,{"A","B","C","D","E"},0)-1)*3+2))),"")} | T2718: {=IFERROR(IF(OR(J2718="",M2718="",F2718=""),"",IF(F2718="학생부종합",INDEX(종합배치표!$C:$Q,MATCH(J2718,종합배치표!$B:$B,0),(MATCH(M2718,{"A","B","C","D","E"},0)-1)*3+3),INDEX(교과배치표!$C:$Q,MATCH(J2718,교과배치표!$B:$B,0),(MATCH(M2718,{"A","B","C","D","E"},0)-1)*3+3))),"")} | V2718: =$W$2 -> 2.7 | W2718: =IF(OR(J2718="",V2718="",M2718=""),"",IF(V2718<=T2718,"안정",IF(V2718<=S2718,"적정",IF(V2718<=R2718,"소신","상향"))))
B2719: 3083 | C2719: 서울 | D2719: 서울 | E2719: 세종대학교 | F2719: 학생부교과 | G2719: 지역균형전형 | H2719: 국제학부 | I2719: 인문 | K2719: 11 | M2719: =IF(I2719="","",IF(I2719="인문",성적입력!$C$8,성적입력!$C$9)) -> A | N2719: =성적입력!$C$15 -> 3 | P2719: =IF(OR(J2719="",N2719="",M2719=""),"",IF(N2719<=T2719,"안정",IF(N2719<=S2719,"적정",IF(N2719<=R2719,"소신","상향")))) | R2719: {=IFERROR(IF(OR(J2719="",M2719="",F2719=""),"",IF(F2719="학생부종합",INDEX(종합배치표!$C:$Q,MATCH(J2719,종합배치표!$B:$B,0),(MATCH(M2719,{"A","B","C","D","E"},0)-1)*3+1),INDEX(교과배치표!$C:$Q,MATCH(J2719,교과배치표!$B:$B,0),(MATCH(M2719,{"A","B","C","D","E"},0)-1)*3+1))),"")} | S2719: {=IFERROR(IF(OR(J2719="",M2719="",F2719=""),"",IF(F2719="학생부종합",INDEX(종합배치표!$C:$Q,MATCH(J2719,종합배치표!$B:$B,0),(MATCH(M2719,{"A","B","C","D","E"},0)-1)*3+2),INDEX(교과배치표!$C:$Q,MATCH(J2719,교과배치표!$B:$B,0),(MATCH(M2719,{"A","B","C","D","E"},0)-1)*3+2))),"")} | T2719: {=IFERROR(IF(OR(J2719="",M2719="",F2719=""),"",IF(F2719="학생부종합",INDEX(종합배치표!$C:$Q,MATCH(J2719,종합배치표!$B:$B,0),(MATCH(M2719,{"A","B","C","D","E"},0)-1)*3+3),INDEX(교과배치표!$C:$Q,MATCH(J2719,교과배치표!$B:$B,0),(MATCH(M2719,{"A","B","C","D","E"},0)-1)*3+3))),"")} | V2719: =$W$2 -> 2.7 | W2719: =IF(OR(J2719="",V2719="",M2719=""),"",IF(V2719<=T2719,"안정",IF(V2719<=S2719,"적정",IF(V2719<=R2719,"소신","상향"))))
B2720: 3084 | C2720: 서울 | D2720: 서울 | E2720: 세종대학교 | F2720: 학생부종합 | G2720: 창의인재전형(면접형) | H2720: 국제학부 | I2720: 인문 | K2720: 11 | M2720: =IF(I2720="","",IF(I2720="인문",성적입력!$C$8,성적입력!$C$9)) -> A | N2720: =성적입력!$C$15 -> 3 | P2720: =IF(OR(J2720="",N2720="",M2720=""),"",IF(N2720<=T2720,"안정",IF(N2720<=S2720,"적정",IF(N2720<=R2720,"소신","상향")))) | R2720: {=IFERROR(IF(OR(J2720="",M2720="",F2720=""),"",IF(F2720="학생부종합",INDEX(종합배치표!$C:$Q,MATCH(J2720,종합배치표!$B:$B,0),(MATCH(M2720,{"A","B","C","D","E"},0)-1)*3+1),INDEX(교과배치표!$C:$Q,MATCH(J2720,교과배치표!$B:$B,0),(MATCH(M2720,{"A","B","C","D","E"},0)-1)*3+1))),"")} | S2720: {=IFERROR(IF(OR(J2720="",M2720="",F2720=""),"",IF(F2720="학생부종합",INDEX(종합배치표!$C:$Q,MATCH(J2720,종합배치표!$B:$B,0),(MATCH(M2720,{"A","B","C","D","E"},0)-1)*3+2),INDEX(교과배치표!$C:$Q,MATCH(J2720,교과배치표!$B:$B,0),(MATCH(M2720,{"A","B","C","D","E"},0)-1)*3+2))),"")} | T2720: {=IFERROR(IF(OR(J2720="",M2720="",F2720=""),"",IF(F2720="학생부종합",INDEX(종합배치표!$C:$Q,MATCH(J2720,종합배치표!$B:$B,0),(MATCH(M2720,{"A","B","C","D","E"},0)-1)*3+3),INDEX(교과배치표!$C:$Q,MATCH(J2720,교과배치표!$B:$B,0),(MATCH(M2720,{"A","B","C","D","E"},0)-1)*3+3))),"")} | V2720: =$W$2 -> 2.7 | W2720: =IF(OR(J2720="",V2720="",M2720=""),"",IF(V2720<=T2720,"안정",IF(V2720<=S2720,"적정",IF(V2720<=R2720,"소신","상향"))))
B2721: 3085 | C2721: 서울 | D2721: 서울 | E2721: 세종대학교 | F2721: 학생부종합 | G2721: 창의인재전형(서류형) | H2721: 국제학부 | I2721: 인문 | K2721: 8 | M2721: =IF(I2721="","",IF(I2721="인문",성적입력!$C$8,성적입력!$C$9)) -> A | N2721: =성적입력!$C$15 -> 3 | P2721: =IF(OR(J2721="",N2721="",M2721=""),"",IF(N2721<=T2721,"안정",IF(N2721<=S2721,"적정",IF(N2721<=R2721,"소신","상향")))) | R2721: {=IFERROR(IF(OR(J2721="",M2721="",F2721=""),"",IF(F2721="학생부종합",INDEX(종합배치표!$C:$Q,MATCH(J2721,종합배치표!$B:$B,0),(MATCH(M2721,{"A","B","C","D","E"},0)-1)*3+1),INDEX(교과배치표!$C:$Q,MATCH(J2721,교과배치표!$B:$B,0),(MATCH(M2721,{"A","B","C","D","E"},0)-1)*3+1))),"")} | S2721: {=IFERROR(IF(OR(J2721="",M2721="",F2721=""),"",IF(F2721="학생부종합",INDEX(종합배치표!$C:$Q,MATCH(J2721,종합배치표!$B:$B,0),(MATCH(M2721,{"A","B","C","D","E"},0)-1)*3+2),INDEX(교과배치표!$C:$Q,MATCH(J2721,교과배치표!$B:$B,0),(MATCH(M2721,{"A","B","C","D","E"},0)-1)*3+2))),"")} | T2721: {=IFERROR(IF(OR(J2721="",M2721="",F2721=""),"",IF(F2721="학생부종합",INDEX(종합배치표!$C:$Q,MATCH(J2721,종합배치표!$B:$B,0),(MATCH(M2721,{"A","B","C","D","E"},0)-1)*3+3),INDEX(교과배치표!$C:$Q,MATCH(J2721,교과배치표!$B:$B,0),(MATCH(M2721,{"A","B","C","D","E"},0)-1)*3+3))),"")} | V2721: =$W$2 -> 2.7 | W2721: =IF(OR(J2721="",V2721="",M2721=""),"",IF(V2721<=T2721,"안정",IF(V2721<=S2721,"적정",IF(V2721<=R2721,"소신","상향"))))
B2722: 3086 | C2722: 서울 | D2722: 서울 | E2722: 세종대학교 | F2722: 학생부교과 | G2722: 지역균형전형 | H2722: 기계공학과 | I2722: 자연 | K2722: 5 | M2722: =IF(I2722="","",IF(I2722="인문",성적입력!$C$8,성적입력!$C$9)) -> A | N2722: =성적입력!$C$15 -> 3 | P2722: =IF(OR(J2722="",N2722="",M2722=""),"",IF(N2722<=T2722,"안정",IF(N2722<=S2722,"적정",IF(N2722<=R2722,"소신","상향")))) | R2722: {=IFERROR(IF(OR(J2722="",M2722="",F2722=""),"",IF(F2722="학생부종합",INDEX(종합배치표!$C:$Q,MATCH(J2722,종합배치표!$B:$B,0),(MATCH(M2722,{"A","B","C","D","E"},0)-1)*3+1),INDEX(교과배치표!$C:$Q,MATCH(J2722,교과배치표!$B:$B,0),(MATCH(M2722,{"A","B","C","D","E"},0)-1)*3+1))),"")} | S2722: {=IFERROR(IF(OR(J2722="",M2722="",F2722=""),"",IF(F2722="학생부종합",INDEX(종합배치표!$C:$Q,MATCH(J2722,종합배치표!$B:$B,0),(MATCH(M2722,{"A","B","C","D","E"},0)-1)*3+2),INDEX(교과배치표!$C:$Q,MATCH(J2722,교과배치표!$B:$B,0),(MATCH(M2722,{"A","B","C","D","E"},0)-1)*3+2))),"")} | T2722: {=IFERROR(IF(OR(J2722="",M2722="",F2722=""),"",IF(F2722="학생부종합",INDEX(종합배치표!$C:$Q,MATCH(J2722,종합배치표!$B:$B,0),(MATCH(M2722,{"A","B","C","D","E"},0)-1)*3+3),INDEX(교과배치표!$C:$Q,MATCH(J2722,교과배치표!$B:$B,0),(MATCH(M2722,{"A","B","C","D","E"},0)-1)*3+3))),"")} | V2722: =$W$2 -> 2.7 | W2722: =IF(OR(J2722="",V2722="",M2722=""),"",IF(V2722<=T2722,"안정",IF(V2722<=S2722,"적정",IF(V2722<=R2722,"소신","상향"))))
B2723: 3087 | C2723: 서울 | D2723: 서울 | E2723: 세종대학교 | F2723: 학생부종합 | G2723: 창의인재전형(면접형) | H2723: 기계공학과 | I2723: 자연 | K2723: 6 | M2723: =IF(I2723="","",IF(I2723="인문",성적입력!$C$8,성적입력!$C$9)) -> A | N2723: =성적입력!$C$15 -> 3 | P2723: =IF(OR(J2723="",N2723="",M2723=""),"",IF(N2723<=T2723,"안정",IF(N2723<=S2723,"적정",IF(N2723<=R2723,"소신","상향")))) | R2723: {=IFERROR(IF(OR(J2723="",M2723="",F2723=""),"",IF(F2723="학생부종합",INDEX(종합배치표!$C:$Q,MATCH(J2723,종합배치표!$B:$B,0),(MATCH(M2723,{"A","B","C","D","E"},0)-1)*3+1),INDEX(교과배치표!$C:$Q,MATCH(J2723,교과배치표!$B:$B,0),(MATCH(M2723,{"A","B","C","D","E"},0)-1)*3+1))),"")} | S2723: {=IFERROR(IF(OR(J2723="",M2723="",F2723=""),"",IF(F2723="학생부종합",INDEX(종합배치표!$C:$Q,MATCH(J2723,종합배치표!$B:$B,0),(MATCH(M2723,{"A","B","C","D","E"},0)-1)*3+2),INDEX(교과배치표!$C:$Q,MATCH(J2723,교과배치표!$B:$B,0),(MATCH(M2723,{"A","B","C","D","E"},0)-1)*3+2))),"")} | T2723: {=IFERROR(IF(OR(J2723="",M2723="",F2723=""),"",IF(F2723="학생부종합",INDEX(종합배치표!$C:$Q,MATCH(J2723,종합배치표!$B:$B,0),(MATCH(M2723,{"A","B","C","D","E"},0)-1)*3+3),INDEX(교과배치표!$C:$Q,MATCH(J2723,교과배치표!$B:$B,0),(MATCH(M2723,{"A","B","C","D","E"},0)-1)*3+3))),"")} | V2723: =$W$2 -> 2.7 | W2723: =IF(OR(J2723="",V2723="",M2723=""),"",IF(V2723<=T2723,"안정",IF(V2723<=S2723,"적정",IF(V2723<=R2723,"소신","상향"))))
B2724: 3088 | C2724: 서울 | D2724: 서울 | E2724: 세종대학교 | F2724: 학생부종합 | G2724: 창의인재전형(서류형) | H2724: 기계공학과 | I2724: 자연 | K2724: 6 | M2724: =IF(I2724="","",IF(I2724="인문",성적입력!$C$8,성적입력!$C$9)) -> A | N2724: =성적입력!$C$15 -> 3 | P2724: =IF(OR(J2724="",N2724="",M2724=""),"",IF(N2724<=T2724,"안정",IF(N2724<=S2724,"적정",IF(N2724<=R2724,"소신","상향")))) | R2724: {=IFERROR(IF(OR(J2724="",M2724="",F2724=""),"",IF(F2724="학생부종합",INDEX(종합배치표!$C:$Q,MATCH(J2724,종합배치표!$B:$B,0),(MATCH(M2724,{"A","B","C","D","E"},0)-1)*3+1),INDEX(교과배치표!$C:$Q,MATCH(J2724,교과배치표!$B:$B,0),(MATCH(M2724,{"A","B","C","D","E"},0)-1)*3+1))),"")} | S2724: {=IFERROR(IF(OR(J2724="",M2724="",F2724=""),"",IF(F2724="학생부종합",INDEX(종합배치표!$C:$Q,MATCH(J2724,종합배치표!$B:$B,0),(MATCH(M2724,{"A","B","C","D","E"},0)-1)*3+2),INDEX(교과배치표!$C:$Q,MATCH(J2724,교과배치표!$B:$B,0),(MATCH(M2724,{"A","B","C","D","E"},0)-1)*3+2))),"")} | T2724: {=IFERROR(IF(OR(J2724="",M2724="",F2724=""),"",IF(F2724="학생부종합",INDEX(종합배치표!$C:$Q,MATCH(J2724,종합배치표!$B:$B,0),(MATCH(M2724,{"A","B","C","D","E"},0)-1)*3+3),INDEX(교과배치표!$C:$Q,MATCH(J2724,교과배치표!$B:$B,0),(MATCH(M2724,{"A","B","C","D","E"},0)-1)*3+3))),"")} | V2724: =$W$2 -> 2.7 | W2724: =IF(OR(J2724="",V2724="",M2724=""),"",IF(V2724<=T2724,"안정",IF(V2724<=S2724,"적정",IF(V2724<=R2724,"소신","상향"))))
B2725: 3089 | C2725: 서울 | D2725: 서울 | E2725: 세종대학교 | F2725: 학생부교과 | G2725: 지역균형전형 | H2725: 나노신소재공학과 | I2725: 자연 | K2725: 6 | M2725: =IF(I2725="","",IF(I2725="인문",성적입력!$C$8,성적입력!$C$9)) -> A | N2725: =성적입력!$C$15 -> 3 | P2725: =IF(OR(J2725="",N2725="",M2725=""),"",IF(N2725<=T2725,"안정",IF(N2725<=S2725,"적정",IF(N2725<=R2725,"소신","상향")))) | R2725: {=IFERROR(IF(OR(J2725="",M2725="",F2725=""),"",IF(F2725="학생부종합",INDEX(종합배치표!$C:$Q,MATCH(J2725,종합배치표!$B:$B,0),(MATCH(M2725,{"A","B","C","D","E"},0)-1)*3+1),INDEX(교과배치표!$C:$Q,MATCH(J2725,교과배치표!$B:$B,0),(MATCH(M2725,{"A","B","C","D","E"},0)-1)*3+1))),"")} | S2725: {=IFERROR(IF(OR(J2725="",M2725="",F2725=""),"",IF(F2725="학생부종합",INDEX(종합배치표!$C:$Q,MATCH(J2725,종합배치표!$B:$B,0),(MATCH(M2725,{"A","B","C","D","E"},0)-1)*3+2),INDEX(교과배치표!$C:$Q,MATCH(J2725,교과배치표!$B:$B,0),(MATCH(M2725,{"A","B","C","D","E"},0)-1)*3+2))),"")} | T2725: {=IFERROR(IF(OR(J2725="",M2725="",F2725=""),"",IF(F2725="학생부종합",INDEX(종합배치표!$C:$Q,MATCH(J2725,종합배치표!$B:$B,0),(MATCH(M2725,{"A","B","C","D","E"},0)-1)*3+3),INDEX(교과배치표!$C:$Q,MATCH(J2725,교과배치표!$B:$B,0),(MATCH(M2725,{"A","B","C","D","E"},0)-1)*3+3))),"")} | V2725: =$W$2 -> 2.7 | W2725: =IF(OR(J2725="",V2725="",M2725=""),"",IF(V2725<=T2725,"안정",IF(V2725<=S2725,"적정",IF(V2725<=R2725,"소신","상향"))))
B2726: 3090 | C2726: 서울 | D2726: 서울 | E2726: 세종대학교 | F2726: 학생부종합 | G2726: 창의인재전형(면접형) | H2726: 나노신소재공학과 | I2726: 자연 | K2726: 6 | M2726: =IF(I2726="","",IF(I2726="인문",성적입력!$C$8,성적입력!$C$9)) -> A | N2726: =성적입력!$C$15 -> 3 | P2726: =IF(OR(J2726="",N2726="",M2726=""),"",IF(N2726<=T2726,"안정",IF(N2726<=S2726,"적정",IF(N2726<=R2726,"소신","상향")))) | R2726: {=IFERROR(IF(OR(J2726="",M2726="",F2726=""),"",IF(F2726="학생부종합",INDEX(종합배치표!$C:$Q,MATCH(J2726,종합배치표!$B:$B,0),(MATCH(M2726,{"A","B","C","D","E"},0)-1)*3+1),INDEX(교과배치표!$C:$Q,MATCH(J2726,교과배치표!$B:$B,0),(MATCH(M2726,{"A","B","C","D","E"},0)-1)*3+1))),"")} | S2726: {=IFERROR(IF(OR(J2726="",M2726="",F2726=""),"",IF(F2726="학생부종합",INDEX(종합배치표!$C:$Q,MATCH(J2726,종합배치표!$B:$B,0),(MATCH(M2726,{"A","B","C","D","E"},0)-1)*3+2),INDEX(교과배치표!$C:$Q,MATCH(J2726,교과배치표!$B:$B,0),(MATCH(M2726,{"A","B","C","D","E"},0)-1)*3+2))),"")} | T2726: {=IFERROR(IF(OR(J2726="",M2726="",F2726=""),"",IF(F2726="학생부종합",INDEX(종합배치표!$C:$Q,MATCH(J2726,종합배치표!$B:$B,0),(MATCH(M2726,{"A","B","C","D","E"},0)-1)*3+3),INDEX(교과배치표!$C:$Q,MATCH(J2726,교과배치표!$B:$B,0),(MATCH(M2726,{"A","B","C","D","E"},0)-1)*3+3))),"")} | V2726: =$W$2 -> 2.7 | W2726: =IF(OR(J2726="",V2726="",M2726=""),"",IF(V2726<=T2726,"안정",IF(V2726<=S2726,"적정",IF(V2726<=R2726,"소신","상향"))))
B2727: 3091 | C2727: 서울 | D2727: 서울 | E2727: 세종대학교 | F2727: 학생부종합 | G2727: 창의인재전형(서류형) | H2727: 나노신소재공학과 | I2727: 자연 | K2727: 8 | M2727: =IF(I2727="","",IF(I2727="인문",성적입력!$C$8,성적입력!$C$9)) -> A | N2727: =성적입력!$C$15 -> 3 | P2727: =IF(OR(J2727="",N2727="",M2727=""),"",IF(N2727<=T2727,"안정",IF(N2727<=S2727,"적정",IF(N2727<=R2727,"소신","상향")))) | R2727: {=IFERROR(IF(OR(J2727="",M2727="",F2727=""),"",IF(F2727="학생부종합",INDEX(종합배치표!$C:$Q,MATCH(J2727,종합배치표!$B:$B,0),(MATCH(M2727,{"A","B","C","D","E"},0)-1)*3+1),INDEX(교과배치표!$C:$Q,MATCH(J2727,교과배치표!$B:$B,0),(MATCH(M2727,{"A","B","C","D","E"},0)-1)*3+1))),"")} | S2727: {=IFERROR(IF(OR(J2727="",M2727="",F2727=""),"",IF(F2727="학생부종합",INDEX(종합배치표!$C:$Q,MATCH(J2727,종합배치표!$B:$B,0),(MATCH(M2727,{"A","B","C","D","E"},0)-1)*3+2),INDEX(교과배치표!$C:$Q,MATCH(J2727,교과배치표!$B:$B,0),(MATCH(M2727,{"A","B","C","D","E"},0)-1)*3+2))),"")} | T2727: {=IFERROR(IF(OR(J2727="",M2727="",F2727=""),"",IF(F2727="학생부종합",INDEX(종합배치표!$C:$Q,MATCH(J2727,종합배치표!$B:$B,0),(MATCH(M2727,{"A","B","C","D","E"},0)-1)*3+3),INDEX(교과배치표!$C:$Q,MATCH(J2727,교과배치표!$B:$B,0),(MATCH(M2727,{"A","B","C","D","E"},0)-1)*3+3))),"")} | V2727: =$W$2 -> 2.7 | W2727: =IF(OR(J2727="",V2727="",M2727=""),"",IF(V2727<=T2727,"안정",IF(V2727<=S2727,"적정",IF(V2727<=R2727,"소신","상향"))))
... B2739: 3103 | C2739: 서울 | D2739: 서울 | E2739: 세종대학교 | F2739: 학생부종합 | G2739: 창의인재전형(서류형) | H2739: 법학과 | I2739: 인문 | K2739: 2 | M2739: =IF(I2739="","",IF(I2739="인문",성적입력!$C$8,성적입력!$C$9)) -> A | N2739: =성적입력!$C$15 -> 3 | P2739: =IF(OR(J2739="",N2739="",M2739=""),"",IF(N2739<=T2739,"안정",IF(N2739<=S2739,"적정",IF(N2739<=R2739,"소신","상향")))) | R2739: {=IFERROR(IF(OR(J2739="",M2739="",F2739=""),"",IF(F2739="학생부종합",INDEX(종합배치표!$C:$Q,MATCH(J2739,종합배치표!$B:$B,0),(MATCH(M2739,{"A","B","C","D","E"},0)-1)*3+1),INDEX(교과배치표!$C:$Q,MATCH(J2739,교과배치표!$B:$B,0),(MATCH(M2739,{"A","B","C","D","E"},0)-1)*3+1))),"")} | S2739: {=IFERROR(IF(OR(J2739="",M2739="",F2739=""),"",IF(F2739="학생부종합",INDEX(종합배치표!$C:$Q,MATCH(J2739,종합배치표!$B:$B,0),(MATCH(M2739,{"A","B","C","D","E"},0)-1)*3+2),INDEX(교과배치표!$C:$Q,MATCH(J2739,교과배치표!$B:$B,0),(MATCH(M2739,{"A","B","C","D","E"},0)-1)*3+2))),"")} | T2739: {=IFERROR(IF(OR(J2739="",M2739="",F2739=""),"",IF(F2739="학생부종합",INDEX(종합배치표!$C:$Q,MATCH(J2739,종합배치표!$B:$B,0),(MATCH(M2739,{"A","B","C","D","E"},0)-1)*3+3),INDEX(교과배치표!$C:$Q,MATCH(J2739,교과배치표!$B:$B,0),(MATCH(M2739,{"A","B","C","D","E"},0)-1)*3+3))),"")} | V2739: =$W$2 -> 2.7 | W2739: =IF(OR(J2739="",V2739="",M2739=""),"",IF(V2739<=T2739,"안정",IF(V2739<=S2739,"적정",IF(V2739<=R2739,"소신","상향"))))
B2740: 3104 | C2740: 서울 | D2740: 서울 | E2740: 세종대학교 | F2740: 학생부종합 | G2740: 사이버국방전형(외) | H2740: 사이버국방학과 | I2740: 통합 | K2740: 남:15 여:1 | M2740: =IF(I2740="","",IF(I2740="인문",성적입력!$C$8,성적입력!$C$9)) -> A | N2740: =성적입력!$C$15 -> 3 | P2740: =IF(OR(J2740="",N2740="",M2740=""),"",IF(N2740<=T2740,"안정",IF(N2740<=S2740,"적정",IF(N2740<=R2740,"소신","상향")))) | R2740: {=IFERROR(IF(OR(J2740="",M2740="",F2740=""),"",IF(F2740="학생부종합",INDEX(종합배치표!$C:$Q,MATCH(J2740,종합배치표!$B:$B,0),(MATCH(M2740,{"A","B","C","D","E"},0)-1)*3+1),INDEX(교과배치표!$C:$Q,MATCH(J2740,교과배치표!$B:$B,0),(MATCH(M2740,{"A","B","C","D","E"},0)-1)*3+1))),"")} | S2740: {=IFERROR(IF(OR(J2740="",M2740="",F2740=""),"",IF(F2740="학생부종합",INDEX(종합배치표!$C:$Q,MATCH(J2740,종합배치표!$B:$B,0),(MATCH(M2740,{"A","B","C","D","E"},0)-1)*3+2),INDEX(교과배치표!$C:$Q,MATCH(J2740,교과배치표!$B:$B,0),(MATCH(M2740,{"A","B","C","D","E"},0)-1)*3+2))),"")} | T2740: {=IFERROR(IF(OR(J2740="",M2740="",F2740=""),"",IF(F2740="학생부종합",INDEX(종합배치표!$C:$Q,MATCH(J2740,종합배치표!$B:$B,0),(MATCH(M2740,{"A","B","C","D","E"},0)-1)*3+3),INDEX(교과배치표!$C:$Q,MATCH(J2740,교과배치표!$B:$B,0),(MATCH(M2740,{"A","B","C","D","E"},0)-1)*3+3))),"")} | V2740: =$W$2 -> 2.7 | W2740: =IF(OR(J2740="",V2740="",M2740=""),"",IF(V2740<=T2740,"안정",IF(V2740<=S2740,"적정",IF(V2740<=R2740,"소신","상향"))))
B2741: 3105 | C2741: 서울 | D2741: 서울 | E2741: 세종대학교 | F2741: 학생부교과 | G2741: 지역균형전형 | H2741: 생명시스템학부 | I2741: 자연 | K2741: 8 | M2741: =IF(I2741="","",IF(I2741="인문",성적입력!$C$8,성적입력!$C$9)) -> A | N2741: =성적입력!$C$15 -> 3 | P2741: =IF(OR(J2741="",N2741="",M2741=""),"",IF(N2741<=T2741,"안정",IF(N2741<=S2741,"적정",IF(N2741<=R2741,"소신","상향")))) | R2741: {=IFERROR(IF(OR(J2741="",M2741="",F2741=""),"",IF(F2741="학생부종합",INDEX(종합배치표!$C:$Q,MATCH(J2741,종합배치표!$B:$B,0),(MATCH(M2741,{"A","B","C","D","E"},0)-1)*3+1),INDEX(교과배치표!$C:$Q,MATCH(J2741,교과배치표!$B:$B,0),(MATCH(M2741,{"A","B","C","D","E"},0)-1)*3+1))),"")} | S2741: {=IFERROR(IF(OR(J2741="",M2741="",F2741=""),"",IF(F2741="학생부종합",INDEX(종합배치표!$C:$Q,MATCH(J2741,종합배치표!$B:$B,0),(MATCH(M2741,{"A","B","C","D","E"},0)-1)*3+2),INDEX(교과배치표!$C:$Q,MATCH(J2741,교과배치표!$B:$B,0),(MATCH(M2741,{"A","B","C","D","E"},0)-1)*3+2))),"")} | T2741: {=IFERROR(IF(OR(J2741="",M2741="",F2741=""),"",IF(F2741="학생부종합",INDEX(종합배치표!$C:$Q,MATCH(J2741,종합배치표!$B:$B,0),(MATCH(M2741,{"A","B","C","D","E"},0)-1)*3+3),INDEX(교과배치표!$C:$Q,MATCH(J2741,교과배치표!$B:$B,0),(MATCH(M2741,{"A","B","C","D","E"},0)-1)*3+3))),"")} | V2741: =$W$2 -> 2.7 | W2741: =IF(OR(J2741="",V2741="",M2741=""),"",IF(V2741<=T2741,"안정",IF(V2741<=S2741,"적정",IF(V2741<=R2741,"소신","상향"))))
B2742: 3106 | C2742: 서울 | D2742: 서울 | E2742: 세종대학교 | F2742: 학생부종합 | G2742: 창의인재전형(면접형) | H2742: 생명시스템학부 | I2742: 자연 | K2742: 15 | M2742: =IF(I2742="","",IF(I2742="인문",성적입력!$C$8,성적입력!$C$9)) -> A | N2742: =성적입력!$C$15 -> 3 | P2742: =IF(OR(J2742="",N2742="",M2742=""),"",IF(N2742<=T2742,"안정",IF(N2742<=S2742,"적정",IF(N2742<=R2742,"소신","상향")))) | R2742: {=IFERROR(IF(OR(J2742="",M2742="",F2742=""),"",IF(F2742="학생부종합",INDEX(종합배치표!$C:$Q,MATCH(J2742,종합배치표!$B:$B,0),(MATCH(M2742,{"A","B","C","D","E"},0)-1)*3+1),INDEX(교과배치표!$C:$Q,MATCH(J2742,교과배치표!$B:$B,0),(MATCH(M2742,{"A","B","C","D","E"},0)-1)*3+1))),"")} | S2742: {=IFERROR(IF(OR(J2742="",M2742="",F2742=""),"",IF(F2742="학생부종합",INDEX(종합배치표!$C:$Q,MATCH(J2742,종합배치표!$B:$B,0),(MATCH(M2742,{"A","B","C","D","E"},0)-1)*3+2),INDEX(교과배치표!$C:$Q,MATCH(J2742,교과배치표!$B:$B,0),(MATCH(M2742,{"A","B","C","D","E"},0)-1)*3+2))),"")} | T2742: {=IFERROR(IF(OR(J2742="",M2742="",F2742=""),"",IF(F2742="학생부종합",INDEX(종합배치표!$C:$Q,MATCH(J2742,종합배치표!$B:$B,0),(MATCH(M2742,{"A","B","C","D","E"},0)-1)*3+3),INDEX(교과배치표!$C:$Q,MATCH(J2742,교과배치표!$B:$B,0),(MATCH(M2742,{"A","B","C","D","E"},0)-1)*3+3))),"")} | V2742: =$W$2 -> 2.7 | W2742: =IF(OR(J2742="",V2742="",M2742=""),"",IF(V2742<=T2742,"안정",IF(V2742<=S2742,"적정",IF(V2742<=R2742,"소신","상향"))))
B2743: 3107 | C2743: 서울 | D2743: 서울 | E2743: 세종대학교 | F2743: 학생부종합 | G2743: 창의인재전형(서류형) | H2743: 생명시스템학부 | I2743: 자연 | K2743: 13 | M2743: =IF(I2743="","",IF(I2743="인문",성적입력!$C$8,성적입력!$C$9)) -> A | N2743: =성적입력!$C$15 -> 3 | P2743: =IF(OR(J2743="",N2743="",M2743=""),"",IF(N2743<=T2743,"안정",IF(N2743<=S2743,"적정",IF(N2743<=R2743,"소신","상향")))) | R2743: {=IFERROR(IF(OR(J2743="",M2743="",F2743=""),"",IF(F2743="학생부종합",INDEX(종합배치표!$C:$Q,MATCH(J2743,종합배치표!$B:$B,0),(MATCH(M2743,{"A","B","C","D","E"},0)-1)*3+1),INDEX(교과배치표!$C:$Q,MATCH(J2743,교과배치표!$B:$B,0),(MATCH(M2743,{"A","B","C","D","E"},0)-1)*3+1))),"")} | S2743: {=IFERROR(IF(OR(J2743="",M2743="",F2743=""),"",IF(F2743="학생부종합",INDEX(종합배치표!$C:$Q,MATCH(J2743,종합배치표!$B:$B,0),(MATCH(M2743,{"A","B","C","D","E"},0)-1)*3+2),INDEX(교과배치표!$C:$Q,MATCH(J2743,교과배치표!$B:$B,0),(MATCH(M2743,{"A","B","C","D","E"},0)-1)*3+2))),"")} | T2743: {=IFERROR(IF(OR(J2743="",M2743="",F2743=""),"",IF(F2743="학생부종합",INDEX(종합배치표!$C:$Q,MATCH(J2743,종합배치표!$B:$B,0),(MATCH(M2743,{"A","B","C","D","E"},0)-1)*3+3),INDEX(교과배치표!$C:$Q,MATCH(J2743,교과배치표!$B:$B,0),(MATCH(M2743,{"A","B","C","D","E"},0)-1)*3+3))),"")} | V2743: =$W$2 -> 2.7 | W2743: =IF(OR(J2743="",V2743="",M2743=""),"",IF(V2743<=T2743,"안정",IF(V2743<=S2743,"적정",IF(V2743<=R2743,"소신","상향"))))
B2744: 3108 | C2744: 서울 | D2744: 서울 | E2744: 세종대학교 | F2744: 학생부교과 | G2744: 지역균형전형 | H2744: 수학통계학과 | I2744: 자연 | K2744: 4 | M2744: =IF(I2744="","",IF(I2744="인문",성적입력!$C$8,성적입력!$C$9)) -> A | N2744: =성적입력!$C$15 -> 3 | P2744: =IF(OR(J2744="",N2744="",M2744=""),"",IF(N2744<=T2744,"안정",IF(N2744<=S2744,"적정",IF(N2744<=R2744,"소신","상향")))) | R2744: {=IFERROR(IF(OR(J2744="",M2744="",F2744=""),"",IF(F2744="학생부종합",INDEX(종합배치표!$C:$Q,MATCH(J2744,종합배치표!$B:$B,0),(MATCH(M2744,{"A","B","C","D","E"},0)-1)*3+1),INDEX(교과배치표!$C:$Q,MATCH(J2744,교과배치표!$B:$B,0),(MATCH(M2744,{"A","B","C","D","E"},0)-1)*3+1))),"")} | S2744: {=IFERROR(IF(OR(J2744="",M2744="",F2744=""),"",IF(F2744="학생부종합",INDEX(종합배치표!$C:$Q,MATCH(J2744,종합배치표!$B:$B,0),(MATCH(M2744,{"A","B","C","D","E"},0)-1)*3+2),INDEX(교과배치표!$C:$Q,MATCH(J2744,교과배치표!$B:$B,0),(MATCH(M2744,{"A","B","C","D","E"},0)-1)*3+2))),"")} | T2744: {=IFERROR(IF(OR(J2744="",M2744="",F2744=""),"",IF(F2744="학생부종합",INDEX(종합배치표!$C:$Q,MATCH(J2744,종합배치표!$B:$B,0),(MATCH(M2744,{"A","B","C","D","E"},0)-1)*3+3),INDEX(교과배치표!$C:$Q,MATCH(J2744,교과배치표!$B:$B,0),(MATCH(M2744,{"A","B","C","D","E"},0)-1)*3+3))),"")} | V2744: =$W$2 -> 2.7 | W2744: =IF(OR(J2744="",V2744="",M2744=""),"",IF(V2744<=T2744,"안정",IF(V2744<=S2744,"적정",IF(V2744<=R2744,"소신","상향"))))
B2745: 3109 | C2745: 서울 | D2745: 서울 | E2745: 세종대학교 | F2745: 학생부종합 | G2745: 창의인재전형(면접형) | H2745: 수학통계학과 | I2745: 자연 | K2745: 4 | M2745: =IF(I2745="","",IF(I2745="인문",성적입력!$C$8,성적입력!$C$9)) -> A | N2745: =성적입력!$C$15 -> 3 | P2745: =IF(OR(J2745="",N2745="",M2745=""),"",IF(N2745<=T2745,"안정",IF(N2745<=S2745,"적정",IF(N2745<=R2745,"소신","상향")))) | R2745: {=IFERROR(IF(OR(J2745="",M2745="",F2745=""),"",IF(F2745="학생부종합",INDEX(종합배치표!$C:$Q,MATCH(J2745,종합배치표!$B:$B,0),(MATCH(M2745,{"A","B","C","D","E"},0)-1)*3+1),INDEX(교과배치표!$C:$Q,MATCH(J2745,교과배치표!$B:$B,0),(MATCH(M2745,{"A","B","C","D","E"},0)-1)*3+1))),"")} | S2745: {=IFERROR(IF(OR(J2745="",M2745="",F2745=""),"",IF(F2745="학생부종합",INDEX(종합배치표!$C:$Q,MATCH(J2745,종합배치표!$B:$B,0),(MATCH(M2745,{"A","B","C","D","E"},0)-1)*3+2),INDEX(교과배치표!$C:$Q,MATCH(J2745,교과배치표!$B:$B,0),(MATCH(M2745,{"A","B","C","D","E"},0)-1)*3+2))),"")} | T2745: {=IFERROR(IF(OR(J2745="",M2745="",F2745=""),"",IF(F2745="학생부종합",INDEX(종합배치표!$C:$Q,MATCH(J2745,종합배치표!$B:$B,0),(MATCH(M2745,{"A","B","C","D","E"},0)-1)*3+3),INDEX(교과배치표!$C:$Q,MATCH(J2745,교과배치표!$B:$B,0),(MATCH(M2745,{"A","B","C","D","E"},0)-1)*3+3))),"")} | V2745: =$W$2 -> 2.7 | W2745: =IF(OR(J2745="",V2745="",M2745=""),"",IF(V2745<=T2745,"안정",IF(V2745<=S2745,"적정",IF(V2745<=R2745,"소신","상향"))))
B2746: 3110 | C2746: 서울 | D2746: 서울 | E2746: 세종대학교 | F2746: 학생부종합 | G2746: 창의인재전형(서류형) | H2746: 수학통계학과 | I2746: 자연 | K2746: 3 | M2746: =IF(I2746="","",IF(I2746="인문",성적입력!$C$8,성적입력!$C$9)) -> A | N2746: =성적입력!$C$15 -> 3 | P2746: =IF(OR(J2746="",N2746="",M2746=""),"",IF(N2746<=T2746,"안정",IF(N2746<=S2746,"적정",IF(N2746<=R2746,"소신","상향")))) | R2746: {=IFERROR(IF(OR(J2746="",M2746="",F2746=""),"",IF(F2746="학생부종합",INDEX(종합배치표!$C:$Q,MATCH(J2746,종합배치표!$B:$B,0),(MATCH(M2746,{"A","B","C","D","E"},0)-1)*3+1),INDEX(교과배치표!$C:$Q,MATCH(J2746,교과배치표!$B:$B,0),(MATCH(M2746,{"A","B","C","D","E"},0)-1)*3+1))),"")} | S2746: {=IFERROR(IF(OR(J2746="",M2746="",F2746=""),"",IF(F2746="학생부종합",INDEX(종합배치표!$C:$Q,MATCH(J2746,종합배치표!$B:$B,0),(MATCH(M2746,{"A","B","C","D","E"},0)-1)*3+2),INDEX(교과배치표!$C:$Q,MATCH(J2746,교과배치표!$B:$B,0),(MATCH(M2746,{"A","B","C","D","E"},0)-1)*3+2))),"")} | T2746: {=IFERROR(IF(OR(J2746="",M2746="",F2746=""),"",IF(F2746="학생부종합",INDEX(종합배치표!$C:$Q,MATCH(J2746,종합배치표!$B:$B,0),(MATCH(M2746,{"A","B","C","D","E"},0)-1)*3+3),INDEX(교과배치표!$C:$Q,MATCH(J2746,교과배치표!$B:$B,0),(MATCH(M2746,{"A","B","C","D","E"},0)-1)*3+3))),"")} | V2746: =$W$2 -> 2.7 | W2746: =IF(OR(J2746="",V2746="",M2746=""),"",IF(V2746<=T2746,"안정",IF(V2746<=S2746,"적정",IF(V2746<=R2746,"소신","상향"))))
B2747: 3111 | C2747: 서울 | D2747: 서울 | E2747: 세종대학교 | F2747: 학생부교과 | G2747: 지역균형전형 | H2747: 스마트생명산업융합학과 | I2747: 자연 | K2747: 4 | M2747: =IF(I2747="","",IF(I2747="인문",성적입력!$C$8,성적입력!$C$9)) -> A | N2747: =성적입력!$C$15 -> 3 | P2747: =IF(OR(J2747="",N2747="",M2747=""),"",IF(N2747<=T2747,"안정",IF(N2747<=S2747,"적정",IF(N2747<=R2747,"소신","상향")))) | R2747: {=IFERROR(IF(OR(J2747="",M2747="",F2747=""),"",IF(F2747="학생부종합",INDEX(종합배치표!$C:$Q,MATCH(J2747,종합배치표!$B:$B,0),(MATCH(M2747,{"A","B","C","D","E"},0)-1)*3+1),INDEX(교과배치표!$C:$Q,MATCH(J2747,교과배치표!$B:$B,0),(MATCH(M2747,{"A","B","C","D","E"},0)-1)*3+1))),"")} | S2747: {=IFERROR(IF(OR(J2747="",M2747="",F2747=""),"",IF(F2747="학생부종합",INDEX(종합배치표!$C:$Q,MATCH(J2747,종합배치표!$B:$B,0),(MATCH(M2747,{"A","B","C","D","E"},0)-1)*3+2),INDEX(교과배치표!$C:$Q,MATCH(J2747,교과배치표!$B:$B,0),(MATCH(M2747,{"A","B","C","D","E"},0)-1)*3+2))),"")} | T2747: {=IFERROR(IF(OR(J2747="",M2747="",F2747=""),"",IF(F2747="학생부종합",INDEX(종합배치표!$C:$Q,MATCH(J2747,종합배치표!$B:$B,0),(MATCH(M2747,{"A","B","C","D","E"},0)-1)*3+3),INDEX(교과배치표!$C:$Q,MATCH(J2747,교과배치표!$B:$B,0),(MATCH(M2747,{"A","B","C","D","E"},0)-1)*3+3))),"")} | V2747: =$W$2 -> 2.7 | W2747: =IF(OR(J2747="",V2747="",M2747=""),"",IF(V2747<=T2747,"안정",IF(V2747<=S2747,"적정",IF(V2747<=R2747,"소신","상향"))))
B2748: 3112 | C2748: 서울 | D2748: 서울 | E2748: 세종대학교 | F2748: 학생부종합 | G2748: 창의인재전형(면접형) | H2748: 스마트생명산업융합학과 | I2748: 자연 | K2748: 2 | M2748: =IF(I2748="","",IF(I2748="인문",성적입력!$C$8,성적입력!$C$9)) -> A | N2748: =성적입력!$C$15 -> 3 | P2748: =IF(OR(J2748="",N2748="",M2748=""),"",IF(N2748<=T2748,"안정",IF(N2748<=S2748,"적정",IF(N2748<=R2748,"소신","상향")))) | R2748: {=IFERROR(IF(OR(J2748="",M2748="",F2748=""),"",IF(F2748="학생부종합",INDEX(종합배치표!$C:$Q,MATCH(J2748,종합배치표!$B:$B,0),(MATCH(M2748,{"A","B","C","D","E"},0)-1)*3+1),INDEX(교과배치표!$C:$Q,MATCH(J2748,교과배치표!$B:$B,0),(MATCH(M2748,{"A","B","C","D","E"},0)-1)*3+1))),"")} | S2748: {=IFERROR(IF(OR(J2748="",M2748="",F2748=""),"",IF(F2748="학생부종합",INDEX(종합배치표!$C:$Q,MATCH(J2748,종합배치표!$B:$B,0),(MATCH(M2748,{"A","B","C","D","E"},0)-1)*3+2),INDEX(교과배치표!$C:$Q,MATCH(J2748,교과배치표!$B:$B,0),(MATCH(M2748,{"A","B","C","D","E"},0)-1)*3+2))),"")} | T2748: {=IFERROR(IF(OR(J2748="",M2748="",F2748=""),"",IF(F2748="학생부종합",INDEX(종합배치표!$C:$Q,MATCH(J2748,종합배치표!$B:$B,0),(MATCH(M2748,{"A","B","C","D","E"},0)-1)*3+3),INDEX(교과배치표!$C:$Q,MATCH(J2748,교과배치표!$B:$B,0),(MATCH(M2748,{"A","B","C","D","E"},0)-1)*3+3))),"")} | V2748: =$W$2 -> 2.7 | W2748: =IF(OR(J2748="",V2748="",M2748=""),"",IF(V2748<=T2748,"안정",IF(V2748<=S2748,"적정",IF(V2748<=R2748,"소신","상향"))))
B2749: 3113 | C2749: 서울 | D2749: 서울 | E2749: 세종대학교 | F2749: 학생부종합 | G2749: 창의인재전형(서류형) | H2749: 스마트생명산업융합학과 | I2749: 자연 | K2749: 3 | M2749: =IF(I2749="","",IF(I2749="인문",성적입력!$C$8,성적입력!$C$9)) -> A | N2749: =성적입력!$C$15 -> 3 | P2749: =IF(OR(J2749="",N2749="",M2749=""),"",IF(N2749<=T2749,"안정",IF(N2749<=S2749,"적정",IF(N2749<=R2749,"소신","상향")))) | R2749: {=IFERROR(IF(OR(J2749="",M2749="",F2749=""),"",IF(F2749="학생부종합",INDEX(종합배치표!$C:$Q,MATCH(J2749,종합배치표!$B:$B,0),(MATCH(M2749,{"A","B","C","D","E"},0)-1)*3+1),INDEX(교과배치표!$C:$Q,MATCH(J2749,교과배치표!$B:$B,0),(MATCH(M2749,{"A","B","C","D","E"},0)-1)*3+1))),"")} | S2749: {=IFERROR(IF(OR(J2749="",M2749="",F2749=""),"",IF(F2749="학생부종합",INDEX(종합배치표!$C:$Q,MATCH(J2749,종합배치표!$B:$B,0),(MATCH(M2749,{"A","B","C","D","E"},0)-1)*3+2),INDEX(교과배치표!$C:$Q,MATCH(J2749,교과배치표!$B:$B,0),(MATCH(M2749,{"A","B","C","D","E"},0)-1)*3+2))),"")} | T2749: {=IFERROR(IF(OR(J2749="",M2749="",F2749=""),"",IF(F2749="학생부종합",INDEX(종합배치표!$C:$Q,MATCH(J2749,종합배치표!$B:$B,0),(MATCH(M2749,{"A","B","C","D","E"},0)-1)*3+3),INDEX(교과배치표!$C:$Q,MATCH(J2749,교과배치표!$B:$B,0),(MATCH(M2749,{"A","B","C","D","E"},0)-1)*3+3))),"")} | V2749: =$W$2 -> 2.7 | W2749: =IF(OR(J2749="",V2749="",M2749=""),"",IF(V2749<=T2749,"안정",IF(V2749<=S2749,"적정",IF(V2749<=R2749,"소신","상향"))))
B2750: 3114 | C2750: 서울 | D2750: 서울 | E2750: 세종대학교 | F2750: 학생부교과 | G2750: 지역균형전형 | H2750: 양자원자력공학과 | I2750: 자연 | K2750: 4 | M2750: =IF(I2750="","",IF(I2750="인문",성적입력!$C$8,성적입력!$C$9)) -> A | N2750: =성적입력!$C$15 -> 3 | P2750: =IF(OR(J2750="",N2750="",M2750=""),"",IF(N2750<=T2750,"안정",IF(N2750<=S2750,"적정",IF(N2750<=R2750,"소신","상향")))) | R2750: {=IFERROR(IF(OR(J2750="",M2750="",F2750=""),"",IF(F2750="학생부종합",INDEX(종합배치표!$C:$Q,MATCH(J2750,종합배치표!$B:$B,0),(MATCH(M2750,{"A","B","C","D","E"},0)-1)*3+1),INDEX(교과배치표!$C:$Q,MATCH(J2750,교과배치표!$B:$B,0),(MATCH(M2750,{"A","B","C","D","E"},0)-1)*3+1))),"")} | S2750: {=IFERROR(IF(OR(J2750="",M2750="",F2750=""),"",IF(F2750="학생부종합",INDEX(종합배치표!$C:$Q,MATCH(J2750,종합배치표!$B:$B,0),(MATCH(M2750,{"A","B","C","D","E"},0)-1)*3+2),INDEX(교과배치표!$C:$Q,MATCH(J2750,교과배치표!$B:$B,0),(MATCH(M2750,{"A","B","C","D","E"},0)-1)*3+2))),"")} | T2750: {=IFERROR(IF(OR(J2750="",M2750="",F2750=""),"",IF(F2750="학생부종합",INDEX(종합배치표!$C:$Q,MATCH(J2750,종합배치표!$B:$B,0),(MATCH(M2750,{"A","B","C","D","E"},0)-1)*3+3),INDEX(교과배치표!$C:$Q,MATCH(J2750,교과배치표!$B:$B,0),(MATCH(M2750,{"A","B","C","D","E"},0)-1)*3+3))),"")} | V2750: =$W$2 -> 2.7 | W2750: =IF(OR(J2750="",V2750="",M2750=""),"",IF(V2750<=T2750,"안정",IF(V2750<=S2750,"적정",IF(V2750<=R2750,"소신","상향"))))
B2751: 3115 | C2751: 서울 | D2751: 서울 | E2751: 세종대학교 | F2751: 학생부종합 | G2751: 창의인재전형(면접형) | H2751: 양자원자력공학과 | I2751: 자연 | K2751: 2 | M2751: =IF(I2751="","",IF(I2751="인문",성적입력!$C$8,성적입력!$C$9)) -> A | N2751: =성적입력!$C$15 -> 3 | P2751: =IF(OR(J2751="",N2751="",M2751=""),"",IF(N2751<=T2751,"안정",IF(N2751<=S2751,"적정",IF(N2751<=R2751,"소신","상향")))) | R2751: {=IFERROR(IF(OR(J2751="",M2751="",F2751=""),"",IF(F2751="학생부종합",INDEX(종합배치표!$C:$Q,MATCH(J2751,종합배치표!$B:$B,0),(MATCH(M2751,{"A","B","C","D","E"},0)-1)*3+1),INDEX(교과배치표!$C:$Q,MATCH(J2751,교과배치표!$B:$B,0),(MATCH(M2751,{"A","B","C","D","E"},0)-1)*3+1))),"")} | S2751: {=IFERROR(IF(OR(J2751="",M2751="",F2751=""),"",IF(F2751="학생부종합",INDEX(종합배치표!$C:$Q,MATCH(J2751,종합배치표!$B:$B,0),(MATCH(M2751,{"A","B","C","D","E"},0)-1)*3+2),INDEX(교과배치표!$C:$Q,MATCH(J2751,교과배치표!$B:$B,0),(MATCH(M2751,{"A","B","C","D","E"},0)-1)*3+2))),"")} | T2751: {=IFERROR(IF(OR(J2751="",M2751="",F2751=""),"",IF(F2751="학생부종합",INDEX(종합배치표!$C:$Q,MATCH(J2751,종합배치표!$B:$B,0),(MATCH(M2751,{"A","B","C","D","E"},0)-1)*3+3),INDEX(교과배치표!$C:$Q,MATCH(J2751,교과배치표!$B:$B,0),(MATCH(M2751,{"A","B","C","D","E"},0)-1)*3+3))),"")} | V2751: =$W$2 -> 2.7 | W2751: =IF(OR(J2751="",V2751="",M2751=""),"",IF(V2751<=T2751,"안정",IF(V2751<=S2751,"적정",IF(V2751<=R2751,"소신","상향"))))
B2752: 3116 | C2752: 서울 | D2752: 서울 | E2752: 세종대학교 | F2752: 학생부종합 | G2752: 창의인재전형(서류형) | H2752: 양자원자력공학과 | I2752: 자연 | K2752: 2 | M2752: =IF(I2752="","",IF(I2752="인문",성적입력!$C$8,성적입력!$C$9)) -> A | N2752: =성적입력!$C$15 -> 3 | P2752: =IF(OR(J2752="",N2752="",M2752=""),"",IF(N2752<=T2752,"안정",IF(N2752<=S2752,"적정",IF(N2752<=R2752,"소신","상향")))) | R2752: {=IFERROR(IF(OR(J2752="",M2752="",F2752=""),"",IF(F2752="학생부종합",INDEX(종합배치표!$C:$Q,MATCH(J2752,종합배치표!$B:$B,0),(MATCH(M2752,{"A","B","C","D","E"},0)-1)*3+1),INDEX(교과배치표!$C:$Q,MATCH(J2752,교과배치표!$B:$B,0),(MATCH(M2752,{"A","B","C","D","E"},0)-1)*3+1))),"")} | S2752: {=IFERROR(IF(OR(J2752="",M2752="",F2752=""),"",IF(F2752="학생부종합",INDEX(종합배치표!$C:$Q,MATCH(J2752,종합배치표!$B:$B,0),(MATCH(M2752,{"A","B","C","D","E"},0)-1)*3+2),INDEX(교과배치표!$C:$Q,MATCH(J2752,교과배치표!$B:$B,0),(MATCH(M2752,{"A","B","C","D","E"},0)-1)*3+2))),"")} | T2752: {=IFERROR(IF(OR(J2752="",M2752="",F2752=""),"",IF(F2752="학생부종합",INDEX(종합배치표!$C:$Q,MATCH(J2752,종합배치표!$B:$B,0),(MATCH(M2752,{"A","B","C","D","E"},0)-1)*3+3),INDEX(교과배치표!$C:$Q,MATCH(J2752,교과배치표!$B:$B,0),(MATCH(M2752,{"A","B","C","D","E"},0)-1)*3+3))),"")} | V2752: =$W$2 -> 2.7 | W2752: =IF(OR(J2752="",V2752="",M2752=""),"",IF(V2752<=T2752,"안정",IF(V2752<=S2752,"적정",IF(V2752<=R2752,"소신","상향"))))
... B2999: 3406 | C2999: 경기 | D2999: 의정부 | E2999: 신한대학교 | F2999: 학생부교과 | G2999: 일반전형 | H2999: 실내디자인학과 | I2999: 예체능 | K2999: 9 | M2999: =IF(I2999="","",IF(I2999="인문",성적입력!$C$8,성적입력!$C$9)) -> A | N2999: =성적입력!$C$15 -> 3 | P2999: =IF(OR(J2999="",N2999="",M2999=""),"",IF(N2999<=T2999,"안정",IF(N2999<=S2999,"적정",IF(N2999<=R2999,"소신","상향")))) | R2999: {=IFERROR(IF(OR(J2999="",M2999="",F2999=""),"",IF(F2999="학생부종합",INDEX(종합배치표!$C:$Q,MATCH(J2999,종합배치표!$B:$B,0),(MATCH(M2999,{"A","B","C","D","E"},0)-1)*3+1),INDEX(교과배치표!$C:$Q,MATCH(J2999,교과배치표!$B:$B,0),(MATCH(M2999,{"A","B","C","D","E"},0)-1)*3+1))),"")} | S2999: {=IFERROR(IF(OR(J2999="",M2999="",F2999=""),"",IF(F2999="학생부종합",INDEX(종합배치표!$C:$Q,MATCH(J2999,종합배치표!$B:$B,0),(MATCH(M2999,{"A","B","C","D","E"},0)-1)*3+2),INDEX(교과배치표!$C:$Q,MATCH(J2999,교과배치표!$B:$B,0),(MATCH(M2999,{"A","B","C","D","E"},0)-1)*3+2))),"")} | T2999: {=IFERROR(IF(OR(J2999="",M2999="",F2999=""),"",IF(F2999="학생부종합",INDEX(종합배치표!$C:$Q,MATCH(J2999,종합배치표!$B:$B,0),(MATCH(M2999,{"A","B","C","D","E"},0)-1)*3+3),INDEX(교과배치표!$C:$Q,MATCH(J2999,교과배치표!$B:$B,0),(MATCH(M2999,{"A","B","C","D","E"},0)-1)*3+3))),"")} | V2999: =$W$2 -> 2.7 | W2999: =IF(OR(J2999="",V2999="",M2999=""),"",IF(V2999<=T2999,"안정",IF(V2999<=S2999,"적정",IF(V2999<=R2999,"소신","상향"))))
B3000: 3408 | C3000: 경기 | D3000: 의정부 | E3000: 신한대학교 | F3000: 학생부교과 | G3000: 일반전형 | H3000: 안경광학과 | I3000: 자연 | K3000: 10 | M3000: =IF(I3000="","",IF(I3000="인문",성적입력!$C$8,성적입력!$C$9)) -> A | N3000: =성적입력!$C$15 -> 3 | P3000: =IF(OR(J3000="",N3000="",M3000=""),"",IF(N3000<=T3000,"안정",IF(N3000<=S3000,"적정",IF(N3000<=R3000,"소신","상향")))) | R3000: {=IFERROR(IF(OR(J3000="",M3000="",F3000=""),"",IF(F3000="학생부종합",INDEX(종합배치표!$C:$Q,MATCH(J3000,종합배치표!$B:$B,0),(MATCH(M3000,{"A","B","C","D","E"},0)-1)*3+1),INDEX(교과배치표!$C:$Q,MATCH(J3000,교과배치표!$B:$B,0),(MATCH(M3000,{"A","B","C","D","E"},0)-1)*3+1))),"")} | S3000: {=IFERROR(IF(OR(J3000="",M3000="",F3000=""),"",IF(F3000="학생부종합",INDEX(종합배치표!$C:$Q,MATCH(J3000,종합배치표!$B:$B,0),(MATCH(M3000,{"A","B","C","D","E"},0)-1)*3+2),INDEX(교과배치표!$C:$Q,MATCH(J3000,교과배치표!$B:$B,0),(MATCH(M3000,{"A","B","C","D","E"},0)-1)*3+2))),"")} | T3000: {=IFERROR(IF(OR(J3000="",M3000="",F3000=""),"",IF(F3000="학생부종합",INDEX(종합배치표!$C:$Q,MATCH(J3000,종합배치표!$B:$B,0),(MATCH(M3000,{"A","B","C","D","E"},0)-1)*3+3),INDEX(교과배치표!$C:$Q,MATCH(J3000,교과배치표!$B:$B,0),(MATCH(M3000,{"A","B","C","D","E"},0)-1)*3+3))),"")}
B3001: 3409 | C3001: 경기 | D3001: 의정부 | E3001: 신한대학교 | F3001: 학생부교과 | G3001: 학생부우수자전형 | H3001: 안경광학과 | I3001: 자연 | K3001: 8 | M3001: =IF(I3001="","",IF(I3001="인문",성적입력!$C$8,성적입력!$C$9)) -> A | N3001: =성적입력!$C$15 -> 3 | P3001: =IF(OR(J3001="",N3001="",M3001=""),"",IF(N3001<=T3001,"안정",IF(N3001<=S3001,"적정",IF(N3001<=R3001,"소신","상향")))) | R3001: {=IFERROR(IF(OR(J3001="",M3001="",F3001=""),"",IF(F3001="학생부종합",INDEX(종합배치표!$C:$Q,MATCH(J3001,종합배치표!$B:$B,0),(MATCH(M3001,{"A","B","C","D","E"},0)-1)*3+1),INDEX(교과배치표!$C:$Q,MATCH(J3001,교과배치표!$B:$B,0),(MATCH(M3001,{"A","B","C","D","E"},0)-1)*3+1))),"")} | S3001: {=IFERROR(IF(OR(J3001="",M3001="",F3001=""),"",IF(F3001="학생부종합",INDEX(종합배치표!$C:$Q,MATCH(J3001,종합배치표!$B:$B,0),(MATCH(M3001,{"A","B","C","D","E"},0)-1)*3+2),INDEX(교과배치표!$C:$Q,MATCH(J3001,교과배치표!$B:$B,0),(MATCH(M3001,{"A","B","C","D","E"},0)-1)*3+2))),"")} | T3001: {=IFERROR(IF(OR(J3001="",M3001="",F3001=""),"",IF(F3001="학생부종합",INDEX(종합배치표!$C:$Q,MATCH(J3001,종합배치표!$B:$B,0),(MATCH(M3001,{"A","B","C","D","E"},0)-1)*3+3),INDEX(교과배치표!$C:$Q,MATCH(J3001,교과배치표!$B:$B,0),(MATCH(M3001,{"A","B","C","D","E"},0)-1)*3+3))),"")}
B3002: 3410 | C3002: 경기 | D3002: 의정부 | E3002: 신한대학교 | F3002: 학생부교과 | G3002: 일반전형 | H3002: 에너지공학과 | I3002: 자연 | K3002: 15 | M3002: =IF(I3002="","",IF(I3002="인문",성적입력!$C$8,성적입력!$C$9)) -> A | N3002: =성적입력!$C$15 -> 3 | P3002: =IF(OR(J3002="",N3002="",M3002=""),"",IF(N3002<=T3002,"안정",IF(N3002<=S3002,"적정",IF(N3002<=R3002,"소신","상향")))) | R3002: {=IFERROR(IF(OR(J3002="",M3002="",F3002=""),"",IF(F3002="학생부종합",INDEX(종합배치표!$C:$Q,MATCH(J3002,종합배치표!$B:$B,0),(MATCH(M3002,{"A","B","C","D","E"},0)-1)*3+1),INDEX(교과배치표!$C:$Q,MATCH(J3002,교과배치표!$B:$B,0),(MATCH(M3002,{"A","B","C","D","E"},0)-1)*3+1))),"")} | S3002: {=IFERROR(IF(OR(J3002="",M3002="",F3002=""),"",IF(F3002="학생부종합",INDEX(종합배치표!$C:$Q,MATCH(J3002,종합배치표!$B:$B,0),(MATCH(M3002,{"A","B","C","D","E"},0)-1)*3+2),INDEX(교과배치표!$C:$Q,MATCH(J3002,교과배치표!$B:$B,0),(MATCH(M3002,{"A","B","C","D","E"},0)-1)*3+2))),"")} | T3002: {=IFERROR(IF(OR(J3002="",M3002="",F3002=""),"",IF(F3002="학생부종합",INDEX(종합배치표!$C:$Q,MATCH(J3002,종합배치표!$B:$B,0),(MATCH(M3002,{"A","B","C","D","E"},0)-1)*3+3),INDEX(교과배치표!$C:$Q,MATCH(J3002,교과배치표!$B:$B,0),(MATCH(M3002,{"A","B","C","D","E"},0)-1)*3+3))),"")}
B3003: 3411 | C3003: 경기 | D3003: 의정부 | E3003: 신한대학교 | F3003: 학생부교과 | G3003: 학생부우수자전형 | H3003: 에너지공학과 | I3003: 자연 | K3003: 10 | M3003: =IF(I3003="","",IF(I3003="인문",성적입력!$C$8,성적입력!$C$9)) -> A | N3003: =성적입력!$C$15 -> 3 | P3003: =IF(OR(J3003="",N3003="",M3003=""),"",IF(N3003<=T3003,"안정",IF(N3003<=S3003,"적정",IF(N3003<=R3003,"소신","상향")))) | R3003: {=IFERROR(IF(OR(J3003="",M3003="",F3003=""),"",IF(F3003="학생부종합",INDEX(종합배치표!$C:$Q,MATCH(J3003,종합배치표!$B:$B,0),(MATCH(M3003,{"A","B","C","D","E"},0)-1)*3+1),INDEX(교과배치표!$C:$Q,MATCH(J3003,교과배치표!$B:$B,0),(MATCH(M3003,{"A","B","C","D","E"},0)-1)*3+1))),"")} | S3003: {=IFERROR(IF(OR(J3003="",M3003="",F3003=""),"",IF(F3003="학생부종합",INDEX(종합배치표!$C:$Q,MATCH(J3003,종합배치표!$B:$B,0),(MATCH(M3003,{"A","B","C","D","E"},0)-1)*3+2),INDEX(교과배치표!$C:$Q,MATCH(J3003,교과배치표!$B:$B,0),(MATCH(M3003,{"A","B","C","D","E"},0)-1)*3+2))),"")} | T3003: {=IFERROR(IF(OR(J3003="",M3003="",F3003=""),"",IF(F3003="학생부종합",INDEX(종합배치표!$C:$Q,MATCH(J3003,종합배치표!$B:$B,0),(MATCH(M3003,{"A","B","C","D","E"},0)-1)*3+3),INDEX(교과배치표!$C:$Q,MATCH(J3003,교과배치표!$B:$B,0),(MATCH(M3003,{"A","B","C","D","E"},0)-1)*3+3))),"")}
B3004: 3413 | C3004: 경기 | D3004: 의정부 | E3004: 신한대학교 | F3004: 학생부교과 | G3004: 일반전형 | H3004: 유아교육과 | I3004: 인문 | K3004: 20 | M3004: =IF(I3004="","",IF(I3004="인문",성적입력!$C$8,성적입력!$C$9)) -> A | N3004: =성적입력!$C$15 -> 3 | P3004: =IF(OR(J3004="",N3004="",M3004=""),"",IF(N3004<=T3004,"안정",IF(N3004<=S3004,"적정",IF(N3004<=R3004,"소신","상향")))) | R3004: {=IFERROR(IF(OR(J3004="",M3004="",F3004=""),"",IF(F3004="학생부종합",INDEX(종합배치표!$C:$Q,MATCH(J3004,종합배치표!$B:$B,0),(MATCH(M3004,{"A","B","C","D","E"},0)-1)*3+1),INDEX(교과배치표!$C:$Q,MATCH(J3004,교과배치표!$B:$B,0),(MATCH(M3004,{"A","B","C","D","E"},0)-1)*3+1))),"")} | S3004: {=IFERROR(IF(OR(J3004="",M3004="",F3004=""),"",IF(F3004="학생부종합",INDEX(종합배치표!$C:$Q,MATCH(J3004,종합배치표!$B:$B,0),(MATCH(M3004,{"A","B","C","D","E"},0)-1)*3+2),INDEX(교과배치표!$C:$Q,MATCH(J3004,교과배치표!$B:$B,0),(MATCH(M3004,{"A","B","C","D","E"},0)-1)*3+2))),"")} | T3004: {=IFERROR(IF(OR(J3004="",M3004="",F3004=""),"",IF(F3004="학생부종합",INDEX(종합배치표!$C:$Q,MATCH(J3004,종합배치표!$B:$B,0),(MATCH(M3004,{"A","B","C","D","E"},0)-1)*3+3),INDEX(교과배치표!$C:$Q,MATCH(J3004,교과배치표!$B:$B,0),(MATCH(M3004,{"A","B","C","D","E"},0)-1)*3+3))),"")}
B3005: 3414 | C3005: 경기 | D3005: 의정부 | E3005: 신한대학교 | F3005: 학생부교과 | G3005: 학생부우수자전형 | H3005: 유아교육과 | I3005: 인문 | K3005: 11 | M3005: =IF(I3005="","",IF(I3005="인문",성적입력!$C$8,성적입력!$C$9)) -> A | N3005: =성적입력!$C$15 -> 3 | P3005: =IF(OR(J3005="",N3005="",M3005=""),"",IF(N3005<=T3005,"안정",IF(N3005<=S3005,"적정",IF(N3005<=R3005,"소신","상향")))) | R3005: {=IFERROR(IF(OR(J3005="",M3005="",F3005=""),"",IF(F3005="학생부종합",INDEX(종합배치표!$C:$Q,MATCH(J3005,종합배치표!$B:$B,0),(MATCH(M3005,{"A","B","C","D","E"},0)-1)*3+1),INDEX(교과배치표!$C:$Q,MATCH(J3005,교과배치표!$B:$B,0),(MATCH(M3005,{"A","B","C","D","E"},0)-1)*3+1))),"")} | S3005: {=IFERROR(IF(OR(J3005="",M3005="",F3005=""),"",IF(F3005="학생부종합",INDEX(종합배치표!$C:$Q,MATCH(J3005,종합배치표!$B:$B,0),(MATCH(M3005,{"A","B","C","D","E"},0)-1)*3+2),INDEX(교과배치표!$C:$Q,MATCH(J3005,교과배치표!$B:$B,0),(MATCH(M3005,{"A","B","C","D","E"},0)-1)*3+2))),"")} | T3005: {=IFERROR(IF(OR(J3005="",M3005="",F3005=""),"",IF(F3005="학생부종합",INDEX(종합배치표!$C:$Q,MATCH(J3005,종합배치표!$B:$B,0),(MATCH(M3005,{"A","B","C","D","E"},0)-1)*3+3),INDEX(교과배치표!$C:$Q,MATCH(J3005,교과배치표!$B:$B,0),(MATCH(M3005,{"A","B","C","D","E"},0)-1)*3+3))),"")}
B3006: 3416 | C3006: 경기 | D3006: 의정부 | E3006: 신한대학교 | F3006: 학생부교과 | G3006: 일반전형 | H3006: 임상병리학과 | I3006: 자연 | K3006: 13 | M3006: =IF(I3006="","",IF(I3006="인문",성적입력!$C$8,성적입력!$C$9)) -> A | N3006: =성적입력!$C$15 -> 3 | P3006: =IF(OR(J3006="",N3006="",M3006=""),"",IF(N3006<=T3006,"안정",IF(N3006<=S3006,"적정",IF(N3006<=R3006,"소신","상향")))) | R3006: {=IFERROR(IF(OR(J3006="",M3006="",F3006=""),"",IF(F3006="학생부종합",INDEX(종합배치표!$C:$Q,MATCH(J3006,종합배치표!$B:$B,0),(MATCH(M3006,{"A","B","C","D","E"},0)-1)*3+1),INDEX(교과배치표!$C:$Q,MATCH(J3006,교과배치표!$B:$B,0),(MATCH(M3006,{"A","B","C","D","E"},0)-1)*3+1))),"")} | S3006: {=IFERROR(IF(OR(J3006="",M3006="",F3006=""),"",IF(F3006="학생부종합",INDEX(종합배치표!$C:$Q,MATCH(J3006,종합배치표!$B:$B,0),(MATCH(M3006,{"A","B","C","D","E"},0)-1)*3+2),INDEX(교과배치표!$C:$Q,MATCH(J3006,교과배치표!$B:$B,0),(MATCH(M3006,{"A","B","C","D","E"},0)-1)*3+2))),"")} | T3006: {=IFERROR(IF(OR(J3006="",M3006="",F3006=""),"",IF(F3006="학생부종합",INDEX(종합배치표!$C:$Q,MATCH(J3006,종합배치표!$B:$B,0),(MATCH(M3006,{"A","B","C","D","E"},0)-1)*3+3),INDEX(교과배치표!$C:$Q,MATCH(J3006,교과배치표!$B:$B,0),(MATCH(M3006,{"A","B","C","D","E"},0)-1)*3+3))),"")}
B3007: 3418 | C3007: 경기 | D3007: 의정부 | E3007: 신한대학교 | F3007: 학생부교과 | G3007: 학생부우수자전형 | H3007: 임상병리학과 | I3007: 자연 | K3007: 8 | M3007: =IF(I3007="","",IF(I3007="인문",성적입력!$C$8,성적입력!$C$9)) -> A | N3007: =성적입력!$C$15 -> 3 | P3007: =IF(OR(J3007="",N3007="",M3007=""),"",IF(N3007<=T3007,"안정",IF(N3007<=S3007,"적정",IF(N3007<=R3007,"소신","상향")))) | R3007: {=IFERROR(IF(OR(J3007="",M3007="",F3007=""),"",IF(F3007="학생부종합",INDEX(종합배치표!$C:$Q,MATCH(J3007,종합배치표!$B:$B,0),(MATCH(M3007,{"A","B","C","D","E"},0)-1)*3+1),INDEX(교과배치표!$C:$Q,MATCH(J3007,교과배치표!$B:$B,0),(MATCH(M3007,{"A","B","C","D","E"},0)-1)*3+1))),"")} | S3007: {=IFERROR(IF(OR(J3007="",M3007="",F3007=""),"",IF(F3007="학생부종합",INDEX(종합배치표!$C:$Q,MATCH(J3007,종합배치표!$B:$B,0),(MATCH(M3007,{"A","B","C","D","E"},0)-1)*3+2),INDEX(교과배치표!$C:$Q,MATCH(J3007,교과배치표!$B:$B,0),(MATCH(M3007,{"A","B","C","D","E"},0)-1)*3+2))),"")} | T3007: {=IFERROR(IF(OR(J3007="",M3007="",F3007=""),"",IF(F3007="학생부종합",INDEX(종합배치표!$C:$Q,MATCH(J3007,종합배치표!$B:$B,0),(MATCH(M3007,{"A","B","C","D","E"},0)-1)*3+3),INDEX(교과배치표!$C:$Q,MATCH(J3007,교과배치표!$B:$B,0),(MATCH(M3007,{"A","B","C","D","E"},0)-1)*3+3))),"")}
B3008: 3419 | C3008: 경기 | D3008: 의정부 | E3008: 신한대학교 | F3008: 학생부교과 | G3008: 일반전형 | H3008: 전자공학과 | I3008: 자연 | K3008: 10 | M3008: =IF(I3008="","",IF(I3008="인문",성적입력!$C$8,성적입력!$C$9)) -> A | N3008: =성적입력!$C$15 -> 3 | P3008: =IF(OR(J3008="",N3008="",M3008=""),"",IF(N3008<=T3008,"안정",IF(N3008<=S3008,"적정",IF(N3008<=R3008,"소신","상향")))) | R3008: {=IFERROR(IF(OR(J3008="",M3008="",F3008=""),"",IF(F3008="학생부종합",INDEX(종합배치표!$C:$Q,MATCH(J3008,종합배치표!$B:$B,0),(MATCH(M3008,{"A","B","C","D","E"},0)-1)*3+1),INDEX(교과배치표!$C:$Q,MATCH(J3008,교과배치표!$B:$B,0),(MATCH(M3008,{"A","B","C","D","E"},0)-1)*3+1))),"")} | S3008: {=IFERROR(IF(OR(J3008="",M3008="",F3008=""),"",IF(F3008="학생부종합",INDEX(종합배치표!$C:$Q,MATCH(J3008,종합배치표!$B:$B,0),(MATCH(M3008,{"A","B","C","D","E"},0)-1)*3+2),INDEX(교과배치표!$C:$Q,MATCH(J3008,교과배치표!$B:$B,0),(MATCH(M3008,{"A","B","C","D","E"},0)-1)*3+2))),"")} | T3008: {=IFERROR(IF(OR(J3008="",M3008="",F3008=""),"",IF(F3008="학생부종합",INDEX(종합배치표!$C:$Q,MATCH(J3008,종합배치표!$B:$B,0),(MATCH(M3008,{"A","B","C","D","E"},0)-1)*3+3),INDEX(교과배치표!$C:$Q,MATCH(J3008,교과배치표!$B:$B,0),(MATCH(M3008,{"A","B","C","D","E"},0)-1)*3+3))),"")}
B3009: 3420 | C3009: 경기 | D3009: 의정부 | E3009: 신한대학교 | F3009: 학생부교과 | G3009: 학생부우수자전형 | H3009: 전자공학과 | I3009: 자연 | K3009: 6 | M3009: =IF(I3009="","",IF(I3009="인문",성적입력!$C$8,성적입력!$C$9)) -> A | N3009: =성적입력!$C$15 -> 3 | P3009: =IF(OR(J3009="",N3009="",M3009=""),"",IF(N3009<=T3009,"안정",IF(N3009<=S3009,"적정",IF(N3009<=R3009,"소신","상향")))) | R3009: {=IFERROR(IF(OR(J3009="",M3009="",F3009=""),"",IF(F3009="학생부종합",INDEX(종합배치표!$C:$Q,MATCH(J3009,종합배치표!$B:$B,0),(MATCH(M3009,{"A","B","C","D","E"},0)-1)*3+1),INDEX(교과배치표!$C:$Q,MATCH(J3009,교과배치표!$B:$B,0),(MATCH(M3009,{"A","B","C","D","E"},0)-1)*3+1))),"")} | S3009: {=IFERROR(IF(OR(J3009="",M3009="",F3009=""),"",IF(F3009="학생부종합",INDEX(종합배치표!$C:$Q,MATCH(J3009,종합배치표!$B:$B,0),(MATCH(M3009,{"A","B","C","D","E"},0)-1)*3+2),INDEX(교과배치표!$C:$Q,MATCH(J3009,교과배치표!$B:$B,0),(MATCH(M3009,{"A","B","C","D","E"},0)-1)*3+2))),"")} | T3009: {=IFERROR(IF(OR(J3009="",M3009="",F3009=""),"",IF(F3009="학생부종합",INDEX(종합배치표!$C:$Q,MATCH(J3009,종합배치표!$B:$B,0),(MATCH(M3009,{"A","B","C","D","E"},0)-1)*3+3),INDEX(교과배치표!$C:$Q,MATCH(J3009,교과배치표!$B:$B,0),(MATCH(M3009,{"A","B","C","D","E"},0)-1)*3+3))),"")}
B3010: 3421 | C3010: 경기 | D3010: 의정부 | E3010: 신한대학교 | F3010: 학생부교과 | G3010: 일반전형 | H3010: 첨단소재공학과 | I3010: 자연 | K3010: 15 | M3010: =IF(I3010="","",IF(I3010="인문",성적입력!$C$8,성적입력!$C$9)) -> A | N3010: =성적입력!$C$15 -> 3 | P3010: =IF(OR(J3010="",N3010="",M3010=""),"",IF(N3010<=T3010,"안정",IF(N3010<=S3010,"적정",IF(N3010<=R3010,"소신","상향")))) | R3010: {=IFERROR(IF(OR(J3010="",M3010="",F3010=""),"",IF(F3010="학생부종합",INDEX(종합배치표!$C:$Q,MATCH(J3010,종합배치표!$B:$B,0),(MATCH(M3010,{"A","B","C","D","E"},0)-1)*3+1),INDEX(교과배치표!$C:$Q,MATCH(J3010,교과배치표!$B:$B,0),(MATCH(M3010,{"A","B","C","D","E"},0)-1)*3+1))),"")} | S3010: {=IFERROR(IF(OR(J3010="",M3010="",F3010=""),"",IF(F3010="학생부종합",INDEX(종합배치표!$C:$Q,MATCH(J3010,종합배치표!$B:$B,0),(MATCH(M3010,{"A","B","C","D","E"},0)-1)*3+2),INDEX(교과배치표!$C:$Q,MATCH(J3010,교과배치표!$B:$B,0),(MATCH(M3010,{"A","B","C","D","E"},0)-1)*3+2))),"")} | T3010: {=IFERROR(IF(OR(J3010="",M3010="",F3010=""),"",IF(F3010="학생부종합",INDEX(종합배치표!$C:$Q,MATCH(J3010,종합배치표!$B:$B,0),(MATCH(M3010,{"A","B","C","D","E"},0)-1)*3+3),INDEX(교과배치표!$C:$Q,MATCH(J3010,교과배치표!$B:$B,0),(MATCH(M3010,{"A","B","C","D","E"},0)-1)*3+3))),"")}
B3011: 3422 | C3011: 경기 | D3011: 의정부 | E3011: 신한대학교 | F3011: 학생부교과 | G3011: 학생부우수자전형 | H3011: 첨단소재공학과 | I3011: 자연 | K3011: 10 | M3011: =IF(I3011="","",IF(I3011="인문",성적입력!$C$8,성적입력!$C$9)) -> A | N3011: =성적입력!$C$15 -> 3 | P3011: =IF(OR(J3011="",N3011="",M3011=""),"",IF(N3011<=T3011,"안정",IF(N3011<=S3011,"적정",IF(N3011<=R3011,"소신","상향")))) | R3011: {=IFERROR(IF(OR(J3011="",M3011="",F3011=""),"",IF(F3011="학생부종합",INDEX(종합배치표!$C:$Q,MATCH(J3011,종합배치표!$B:$B,0),(MATCH(M3011,{"A","B","C","D","E"},0)-1)*3+1),INDEX(교과배치표!$C:$Q,MATCH(J3011,교과배치표!$B:$B,0),(MATCH(M3011,{"A","B","C","D","E"},0)-1)*3+1))),"")} | S3011: {=IFERROR(IF(OR(J3011="",M3011="",F3011=""),"",IF(F3011="학생부종합",INDEX(종합배치표!$C:$Q,MATCH(J3011,종합배치표!$B:$B,0),(MATCH(M3011,{"A","B","C","D","E"},0)-1)*3+2),INDEX(교과배치표!$C:$Q,MATCH(J3011,교과배치표!$B:$B,0),(MATCH(M3011,{"A","B","C","D","E"},0)-1)*3+2))),"")} | T3011: {=IFERROR(IF(OR(J3011="",M3011="",F3011=""),"",IF(F3011="학생부종합",INDEX(종합배치표!$C:$Q,MATCH(J3011,종합배치표!$B:$B,0),(MATCH(M3011,{"A","B","C","D","E"},0)-1)*3+3),INDEX(교과배치표!$C:$Q,MATCH(J3011,교과배치표!$B:$B,0),(MATCH(M3011,{"A","B","C","D","E"},0)-1)*3+3))),"")}
... B5568: 6745 | C5568: 경기 | D5568: 안산 | E5568: 한양대학교(ERICA) | F5568: 학생부종합 | G5568: 서류형전형 | H5568: 교통물류공학과 | I5568: 자연 | K5568: 5 | M5568: =IF(I5568="","",IF(I5568="인문",성적입력!$C$8,성적입력!$C$9)) -> A | N5568: =성적입력!$C$15 -> 3 | P5568: =IF(OR(J5568="",N5568="",M5568=""),"",IF(N5568<=T5568,"안정",IF(N5568<=S5568,"적정",IF(N5568<=R5568,"소신","상향")))) | R5568: {=IFERROR(IF(OR(J5568="",M5568="",F5568=""),"",IF(F5568="학생부종합",INDEX(종합배치표!$C:$Q,MATCH(J5568,종합배치표!$B:$B,0),(MATCH(M5568,{"A","B","C","D","E"},0)-1)*3+1),INDEX(교과배치표!$C:$Q,MATCH(J5568,교과배치표!$B:$B,0),(MATCH(M5568,{"A","B","C","D","E"},0)-1)*3+1))),"")} | S5568: {=IFERROR(IF(OR(J5568="",M5568="",F5568=""),"",IF(F5568="학생부종합",INDEX(종합배치표!$C:$Q,MATCH(J5568,종합배치표!$B:$B,0),(MATCH(M5568,{"A","B","C","D","E"},0)-1)*3+2),INDEX(교과배치표!$C:$Q,MATCH(J5568,교과배치표!$B:$B,0),(MATCH(M5568,{"A","B","C","D","E"},0)-1)*3+2))),"")} | T5568: {=IFERROR(IF(OR(J5568="",M5568="",F5568=""),"",IF(F5568="학생부종합",INDEX(종합배치표!$C:$Q,MATCH(J5568,종합배치표!$B:$B,0),(MATCH(M5568,{"A","B","C","D","E"},0)-1)*3+3),INDEX(교과배치표!$C:$Q,MATCH(J5568,교과배치표!$B:$B,0),(MATCH(M5568,{"A","B","C","D","E"},0)-1)*3+3))),"")}
B5569: 6746 | C5569: 경기 | D5569: 안산 | E5569: 한양대학교(ERICA) | F5569: 학생부종합 | G5569: 국방전략기술공학전형(외) | H5569: 국방지능정보융합공하부 (국방전략기술공학과) | I5569: 자연 | K5569: 남:28 여:4 | M5569: =IF(I5569="","",IF(I5569="인문",성적입력!$C$8,성적입력!$C$9)) -> A | N5569: =성적입력!$C$15 -> 3 | P5569: =IF(OR(J5569="",N5569="",M5569=""),"",IF(N5569<=T5569,"안정",IF(N5569<=S5569,"적정",IF(N5569<=R5569,"소신","상향")))) | R5569: {=IFERROR(IF(OR(J5569="",M5569="",F5569=""),"",IF(F5569="학생부종합",INDEX(종합배치표!$C:$Q,MATCH(J5569,종합배치표!$B:$B,0),(MATCH(M5569,{"A","B","C","D","E"},0)-1)*3+1),INDEX(교과배치표!$C:$Q,MATCH(J5569,교과배치표!$B:$B,0),(MATCH(M5569,{"A","B","C","D","E"},0)-1)*3+1))),"")} | S5569: {=IFERROR(IF(OR(J5569="",M5569="",F5569=""),"",IF(F5569="학생부종합",INDEX(종합배치표!$C:$Q,MATCH(J5569,종합배치표!$B:$B,0),(MATCH(M5569,{"A","B","C","D","E"},0)-1)*3+2),INDEX(교과배치표!$C:$Q,MATCH(J5569,교과배치표!$B:$B,0),(MATCH(M5569,{"A","B","C","D","E"},0)-1)*3+2))),"")} | T5569: {=IFERROR(IF(OR(J5569="",M5569="",F5569=""),"",IF(F5569="학생부종합",INDEX(종합배치표!$C:$Q,MATCH(J5569,종합배치표!$B:$B,0),(MATCH(M5569,{"A","B","C","D","E"},0)-1)*3+3),INDEX(교과배치표!$C:$Q,MATCH(J5569,교과배치표!$B:$B,0),(MATCH(M5569,{"A","B","C","D","E"},0)-1)*3+3))),"")}
B5570: 6747 | C5570: 경기 | D5570: 안산 | E5570: 한양대학교(ERICA) | F5570: 학생부교과 | G5570: 지역균형발전전형 | H5570: 국방지능정보융합공학부 (지능정보양자공학전공) | I5570: 자연 | K5570: 20 | M5570: =IF(I5570="","",IF(I5570="인문",성적입력!$C$8,성적입력!$C$9)) -> A | N5570: =성적입력!$C$15 -> 3 | P5570: =IF(OR(J5570="",N5570="",M5570=""),"",IF(N5570<=T5570,"안정",IF(N5570<=S5570,"적정",IF(N5570<=R5570,"소신","상향")))) | R5570: {=IFERROR(IF(OR(J5570="",M5570="",F5570=""),"",IF(F5570="학생부종합",INDEX(종합배치표!$C:$Q,MATCH(J5570,종합배치표!$B:$B,0),(MATCH(M5570,{"A","B","C","D","E"},0)-1)*3+1),INDEX(교과배치표!$C:$Q,MATCH(J5570,교과배치표!$B:$B,0),(MATCH(M5570,{"A","B","C","D","E"},0)-1)*3+1))),"")} | S5570: {=IFERROR(IF(OR(J5570="",M5570="",F5570=""),"",IF(F5570="학생부종합",INDEX(종합배치표!$C:$Q,MATCH(J5570,종합배치표!$B:$B,0),(MATCH(M5570,{"A","B","C","D","E"},0)-1)*3+2),INDEX(교과배치표!$C:$Q,MATCH(J5570,교과배치표!$B:$B,0),(MATCH(M5570,{"A","B","C","D","E"},0)-1)*3+2))),"")} | T5570: {=IFERROR(IF(OR(J5570="",M5570="",F5570=""),"",IF(F5570="학생부종합",INDEX(종합배치표!$C:$Q,MATCH(J5570,종합배치표!$B:$B,0),(MATCH(M5570,{"A","B","C","D","E"},0)-1)*3+3),INDEX(교과배치표!$C:$Q,MATCH(J5570,교과배치표!$B:$B,0),(MATCH(M5570,{"A","B","C","D","E"},0)-1)*3+3))),"")}
B5571: 6748 | C5571: 경기 | D5571: 안산 | E5571: 한양대학교(ERICA) | F5571: 학생부종합 | G5571: 서류형전형 | H5571: 국방지능정보융합공학부 (지능정보양자공학전공) | I5571: 자연 | K5571: 17 | M5571: =IF(I5571="","",IF(I5571="인문",성적입력!$C$8,성적입력!$C$9)) -> A | N5571: =성적입력!$C$15 -> 3 | P5571: =IF(OR(J5571="",N5571="",M5571=""),"",IF(N5571<=T5571,"안정",IF(N5571<=S5571,"적정",IF(N5571<=R5571,"소신","상향")))) | R5571: {=IFERROR(IF(OR(J5571="",M5571="",F5571=""),"",IF(F5571="학생부종합",INDEX(종합배치표!$C:$Q,MATCH(J5571,종합배치표!$B:$B,0),(MATCH(M5571,{"A","B","C","D","E"},0)-1)*3+1),INDEX(교과배치표!$C:$Q,MATCH(J5571,교과배치표!$B:$B,0),(MATCH(M5571,{"A","B","C","D","E"},0)-1)*3+1))),"")} | S5571: {=IFERROR(IF(OR(J5571="",M5571="",F5571=""),"",IF(F5571="학생부종합",INDEX(종합배치표!$C:$Q,MATCH(J5571,종합배치표!$B:$B,0),(MATCH(M5571,{"A","B","C","D","E"},0)-1)*3+2),INDEX(교과배치표!$C:$Q,MATCH(J5571,교과배치표!$B:$B,0),(MATCH(M5571,{"A","B","C","D","E"},0)-1)*3+2))),"")} | T5571: {=IFERROR(IF(OR(J5571="",M5571="",F5571=""),"",IF(F5571="학생부종합",INDEX(종합배치표!$C:$Q,MATCH(J5571,종합배치표!$B:$B,0),(MATCH(M5571,{"A","B","C","D","E"},0)-1)*3+3),INDEX(교과배치표!$C:$Q,MATCH(J5571,교과배치표!$B:$B,0),(MATCH(M5571,{"A","B","C","D","E"},0)-1)*3+3))),"")}
B5572: 6749 | C5572: 경기 | D5572: 안산 | E5572: 한양대학교(ERICA) | F5572: 학생부교과 | G5572: 지역균형발전전형 | H5572: 글로벌문화통상학부 | I5572: 인문 | K5572: 20 | M5572: =IF(I5572="","",IF(I5572="인문",성적입력!$C$8,성적입력!$C$9)) -> A | N5572: =성적입력!$C$15 -> 3 | P5572: =IF(OR(J5572="",N5572="",M5572=""),"",IF(N5572<=T5572,"안정",IF(N5572<=S5572,"적정",IF(N5572<=R5572,"소신","상향")))) | R5572: {=IFERROR(IF(OR(J5572="",M5572="",F5572=""),"",IF(F5572="학생부종합",INDEX(종합배치표!$C:$Q,MATCH(J5572,종합배치표!$B:$B,0),(MATCH(M5572,{"A","B","C","D","E"},0)-1)*3+1),INDEX(교과배치표!$C:$Q,MATCH(J5572,교과배치표!$B:$B,0),(MATCH(M5572,{"A","B","C","D","E"},0)-1)*3+1))),"")} | S5572: {=IFERROR(IF(OR(J5572="",M5572="",F5572=""),"",IF(F5572="학생부종합",INDEX(종합배치표!$C:$Q,MATCH(J5572,종합배치표!$B:$B,0),(MATCH(M5572,{"A","B","C","D","E"},0)-1)*3+2),INDEX(교과배치표!$C:$Q,MATCH(J5572,교과배치표!$B:$B,0),(MATCH(M5572,{"A","B","C","D","E"},0)-1)*3+2))),"")} | T5572: {=IFERROR(IF(OR(J5572="",M5572="",F5572=""),"",IF(F5572="학생부종합",INDEX(종합배치표!$C:$Q,MATCH(J5572,종합배치표!$B:$B,0),(MATCH(M5572,{"A","B","C","D","E"},0)-1)*3+3),INDEX(교과배치표!$C:$Q,MATCH(J5572,교과배치표!$B:$B,0),(MATCH(M5572,{"A","B","C","D","E"},0)-1)*3+3))),"")}
B5573: 6750 | C5573: 경기 | D5573: 안산 | E5573: 한양대학교(ERICA) | F5573: 학생부종합 | G5573: 서류형전형 | H5573: 글로벌문화통상학부 | I5573: 인문 | K5573: 40 | M5573: =IF(I5573="","",IF(I5573="인문",성적입력!$C$8,성적입력!$C$9)) -> A | N5573: =성적입력!$C$15 -> 3 | P5573: =IF(OR(J5573="",N5573="",M5573=""),"",IF(N5573<=T5573,"안정",IF(N5573<=S5573,"적정",IF(N5573<=R5573,"소신","상향")))) | R5573: {=IFERROR(IF(OR(J5573="",M5573="",F5573=""),"",IF(F5573="학생부종합",INDEX(종합배치표!$C:$Q,MATCH(J5573,종합배치표!$B:$B,0),(MATCH(M5573,{"A","B","C","D","E"},0)-1)*3+1),INDEX(교과배치표!$C:$Q,MATCH(J5573,교과배치표!$B:$B,0),(MATCH(M5573,{"A","B","C","D","E"},0)-1)*3+1))),"")} | S5573: {=IFERROR(IF(OR(J5573="",M5573="",F5573=""),"",IF(F5573="학생부종합",INDEX(종합배치표!$C:$Q,MATCH(J5573,종합배치표!$B:$B,0),(MATCH(M5573,{"A","B","C","D","E"},0)-1)*3+2),INDEX(교과배치표!$C:$Q,MATCH(J5573,교과배치표!$B:$B,0),(MATCH(M5573,{"A","B","C","D","E"},0)-1)*3+2))),"")} | T5573: {=IFERROR(IF(OR(J5573="",M5573="",F5573=""),"",IF(F5573="학생부종합",INDEX(종합배치표!$C:$Q,MATCH(J5573,종합배치표!$B:$B,0),(MATCH(M5573,{"A","B","C","D","E"},0)-1)*3+3),INDEX(교과배치표!$C:$Q,MATCH(J5573,교과배치표!$B:$B,0),(MATCH(M5573,{"A","B","C","D","E"},0)-1)*3+3))),"")}
B5574: 6751 | C5574: 경기 | D5574: 안산 | E5574: 한양대학교(ERICA) | F5574: 학생부교과 | G5574: 지역균형발전전형 | H5574: 기계공학과 | I5574: 자연 | K5574: 27 | M5574: =IF(I5574="","",IF(I5574="인문",성적입력!$C$8,성적입력!$C$9)) -> A | N5574: =성적입력!$C$15 -> 3 | P5574: =IF(OR(J5574="",N5574="",M5574=""),"",IF(N5574<=T5574,"안정",IF(N5574<=S5574,"적정",IF(N5574<=R5574,"소신","상향")))) | R5574: {=IFERROR(IF(OR(J5574="",M5574="",F5574=""),"",IF(F5574="학생부종합",INDEX(종합배치표!$C:$Q,MATCH(J5574,종합배치표!$B:$B,0),(MATCH(M5574,{"A","B","C","D","E"},0)-1)*3+1),INDEX(교과배치표!$C:$Q,MATCH(J5574,교과배치표!$B:$B,0),(MATCH(M5574,{"A","B","C","D","E"},0)-1)*3+1))),"")} | S5574: {=IFERROR(IF(OR(J5574="",M5574="",F5574=""),"",IF(F5574="학생부종합",INDEX(종합배치표!$C:$Q,MATCH(J5574,종합배치표!$B:$B,0),(MATCH(M5574,{"A","B","C","D","E"},0)-1)*3+2),INDEX(교과배치표!$C:$Q,MATCH(J5574,교과배치표!$B:$B,0),(MATCH(M5574,{"A","B","C","D","E"},0)-1)*3+2))),"")} | T5574: {=IFERROR(IF(OR(J5574="",M5574="",F5574=""),"",IF(F5574="학생부종합",INDEX(종합배치표!$C:$Q,MATCH(J5574,종합배치표!$B:$B,0),(MATCH(M5574,{"A","B","C","D","E"},0)-1)*3+3),INDEX(교과배치표!$C:$Q,MATCH(J5574,교과배치표!$B:$B,0),(MATCH(M5574,{"A","B","C","D","E"},0)-1)*3+3))),"")}
B5575: 6752 | C5575: 경기 | D5575: 안산 | E5575: 한양대학교(ERICA) | F5575: 학생부종합 | G5575: 서류형전형 | H5575: 기계공학과 | I5575: 자연 | K5575: 14 | M5575: =IF(I5575="","",IF(I5575="인문",성적입력!$C$8,성적입력!$C$9)) -> A | N5575: =성적입력!$C$15 -> 3 | P5575: =IF(OR(J5575="",N5575="",M5575=""),"",IF(N5575<=T5575,"안정",IF(N5575<=S5575,"적정",IF(N5575<=R5575,"소신","상향")))) | R5575: {=IFERROR(IF(OR(J5575="",M5575="",F5575=""),"",IF(F5575="학생부종합",INDEX(종합배치표!$C:$Q,MATCH(J5575,종합배치표!$B:$B,0),(MATCH(M5575,{"A","B","C","D","E"},0)-1)*3+1),INDEX(교과배치표!$C:$Q,MATCH(J5575,교과배치표!$B:$B,0),(MATCH(M5575,{"A","B","C","D","E"},0)-1)*3+1))),"")} | S5575: {=IFERROR(IF(OR(J5575="",M5575="",F5575=""),"",IF(F5575="학생부종합",INDEX(종합배치표!$C:$Q,MATCH(J5575,종합배치표!$B:$B,0),(MATCH(M5575,{"A","B","C","D","E"},0)-1)*3+2),INDEX(교과배치표!$C:$Q,MATCH(J5575,교과배치표!$B:$B,0),(MATCH(M5575,{"A","B","C","D","E"},0)-1)*3+2))),"")} | T5575: {=IFERROR(IF(OR(J5575="",M5575="",F5575=""),"",IF(F5575="학생부종합",INDEX(종합배치표!$C:$Q,MATCH(J5575,종합배치표!$B:$B,0),(MATCH(M5575,{"A","B","C","D","E"},0)-1)*3+3),INDEX(교과배치표!$C:$Q,MATCH(J5575,교과배치표!$B:$B,0),(MATCH(M5575,{"A","B","C","D","E"},0)-1)*3+3))),"")}
B5576: 6753 | C5576: 경기 | D5576: 안산 | E5576: 한양대학교(ERICA) | F5576: 학생부종합 | G5576: 서류형전형 | H5576: 디자인계열 | I5576: 예체능 | K5576: 18 | M5576: =IF(I5576="","",IF(I5576="인문",성적입력!$C$8,성적입력!$C$9)) -> A | N5576: =성적입력!$C$15 -> 3 | P5576: =IF(OR(J5576="",N5576="",M5576=""),"",IF(N5576<=T5576,"안정",IF(N5576<=S5576,"적정",IF(N5576<=R5576,"소신","상향")))) | R5576: {=IFERROR(IF(OR(J5576="",M5576="",F5576=""),"",IF(F5576="학생부종합",INDEX(종합배치표!$C:$Q,MATCH(J5576,종합배치표!$B:$B,0),(MATCH(M5576,{"A","B","C","D","E"},0)-1)*3+1),INDEX(교과배치표!$C:$Q,MATCH(J5576,교과배치표!$B:$B,0),(MATCH(M5576,{"A","B","C","D","E"},0)-1)*3+1))),"")} | S5576: {=IFERROR(IF(OR(J5576="",M5576="",F5576=""),"",IF(F5576="학생부종합",INDEX(종합배치표!$C:$Q,MATCH(J5576,종합배치표!$B:$B,0),(MATCH(M5576,{"A","B","C","D","E"},0)-1)*3+2),INDEX(교과배치표!$C:$Q,MATCH(J5576,교과배치표!$B:$B,0),(MATCH(M5576,{"A","B","C","D","E"},0)-1)*3+2))),"")} | T5576: {=IFERROR(IF(OR(J5576="",M5576="",F5576=""),"",IF(F5576="학생부종합",INDEX(종합배치표!$C:$Q,MATCH(J5576,종합배치표!$B:$B,0),(MATCH(M5576,{"A","B","C","D","E"},0)-1)*3+3),INDEX(교과배치표!$C:$Q,MATCH(J5576,교과배치표!$B:$B,0),(MATCH(M5576,{"A","B","C","D","E"},0)-1)*3+3))),"")}
B5577: 6754 | C5577: 경기 | D5577: 안산 | E5577: 한양대학교(ERICA) | F5577: 학생부교과 | G5577: 지역균형발전전형 | H5577: 로봇공학과 | I5577: 자연 | K5577: 11 | M5577: =IF(I5577="","",IF(I5577="인문",성적입력!$C$8,성적입력!$C$9)) -> A | N5577: =성적입력!$C$15 -> 3 | P5577: =IF(OR(J5577="",N5577="",M5577=""),"",IF(N5577<=T5577,"안정",IF(N5577<=S5577,"적정",IF(N5577<=R5577,"소신","상향")))) | R5577: {=IFERROR(IF(OR(J5577="",M5577="",F5577=""),"",IF(F5577="학생부종합",INDEX(종합배치표!$C:$Q,MATCH(J5577,종합배치표!$B:$B,0),(MATCH(M5577,{"A","B","C","D","E"},0)-1)*3+1),INDEX(교과배치표!$C:$Q,MATCH(J5577,교과배치표!$B:$B,0),(MATCH(M5577,{"A","B","C","D","E"},0)-1)*3+1))),"")} | S5577: {=IFERROR(IF(OR(J5577="",M5577="",F5577=""),"",IF(F5577="학생부종합",INDEX(종합배치표!$C:$Q,MATCH(J5577,종합배치표!$B:$B,0),(MATCH(M5577,{"A","B","C","D","E"},0)-1)*3+2),INDEX(교과배치표!$C:$Q,MATCH(J5577,교과배치표!$B:$B,0),(MATCH(M5577,{"A","B","C","D","E"},0)-1)*3+2))),"")} | T5577: {=IFERROR(IF(OR(J5577="",M5577="",F5577=""),"",IF(F5577="학생부종합",INDEX(종합배치표!$C:$Q,MATCH(J5577,종합배치표!$B:$B,0),(MATCH(M5577,{"A","B","C","D","E"},0)-1)*3+3),INDEX(교과배치표!$C:$Q,MATCH(J5577,교과배치표!$B:$B,0),(MATCH(M5577,{"A","B","C","D","E"},0)-1)*3+3))),"")}
B5578: 6755 | C5578: 경기 | D5578: 안산 | E5578: 한양대학교(ERICA) | F5578: 학생부종합 | G5578: 서류형전형 | H5578: 로봇공학과 | I5578: 자연 | K5578: 5 | M5578: =IF(I5578="","",IF(I5578="인문",성적입력!$C$8,성적입력!$C$9)) -> A | N5578: =성적입력!$C$15 -> 3 | P5578: =IF(OR(J5578="",N5578="",M5578=""),"",IF(N5578<=T5578,"안정",IF(N5578<=S5578,"적정",IF(N5578<=R5578,"소신","상향")))) | R5578: {=IFERROR(IF(OR(J5578="",M5578="",F5578=""),"",IF(F5578="학생부종합",INDEX(종합배치표!$C:$Q,MATCH(J5578,종합배치표!$B:$B,0),(MATCH(M5578,{"A","B","C","D","E"},0)-1)*3+1),INDEX(교과배치표!$C:$Q,MATCH(J5578,교과배치표!$B:$B,0),(MATCH(M5578,{"A","B","C","D","E"},0)-1)*3+1))),"")} | S5578: {=IFERROR(IF(OR(J5578="",M5578="",F5578=""),"",IF(F5578="학생부종합",INDEX(종합배치표!$C:$Q,MATCH(J5578,종합배치표!$B:$B,0),(MATCH(M5578,{"A","B","C","D","E"},0)-1)*3+2),INDEX(교과배치표!$C:$Q,MATCH(J5578,교과배치표!$B:$B,0),(MATCH(M5578,{"A","B","C","D","E"},0)-1)*3+2))),"")} | T5578: {=IFERROR(IF(OR(J5578="",M5578="",F5578=""),"",IF(F5578="학생부종합",INDEX(종합배치표!$C:$Q,MATCH(J5578,종합배치표!$B:$B,0),(MATCH(M5578,{"A","B","C","D","E"},0)-1)*3+3),INDEX(교과배치표!$C:$Q,MATCH(J5578,교과배치표!$B:$B,0),(MATCH(M5578,{"A","B","C","D","E"},0)-1)*3+3))),"")}
...

Sheet 성적입력
B2: 성적 입력
B4: 학교 정보 | E4: 생기부
B5: 시도 | C5: 서울 | E5: 학업역량
B6: 행정구 | C6: 서초구 | E6: 진로역량
B7: 학교명 | C7: 세화고등학교 | E7: 공동체역량
B8: 인문랭크 | C8: {=IFERROR(INDEX(고등학교DB!K:K,MATCH(C5&C6&C7,고등학교DB!A:A&고등학교DB!B:B&고등학교DB!G:G,0)),"")} -> A | E8: 주력 계열
B9: 자연랭크 | C9: {=IFERROR(INDEX(고등학교DB!L:L,MATCH(C5&C6&C7,고등학교DB!A:A&고등학교DB!B:B&고등학교DB!G:G,0)),"")} -> A
B11: 내신 성적 | E11: 모의고사 등급
B12: 구분 | C12: 등급 | E12: 과목 | F12: 등급
B13: 국수영사 | C13: 2.3154 | E13: 국어
B14: 국수영과 | C14: 2.28 | E14: 미적분
B15: 국수영사과 | C15: 3 | E15: 확률과통계
B16: 국어 | C16: 2.28 | E16: 영어
B17: 수학 | C17: 2.28 | E17: 한국사
B18: 영어 | C18: 2.28 | E18: 사탐1
B19: 사회 | C19: 2.28 | E19: 사탐2
B20: 과학 | C20: 2.28 | E20: 과탐1
E21: 과탐2

Sheet 종합배치표
B1: 종합전형 내신컷 배치표
B3: 서울일반 | S3: 안정 | T3: 80%~ | U3: 사실상 안정. 어드바이저들이 1~2장 무조건 끼게끔
C4: A | F4: B | I4: C | L4: D | O4: E | S4: 적정 | T4: 50~80% | U4: 특이사항없으면 추가합격하는 느낌의 카드들
B5: 학과유형 | C5: 소신 | D5: 적정 | E5: 안정 | F5: 소신 | G5: 적정 | H5: 안정 | I5: 소신 | J5: 적정 | K5: 안정 | L5: 소신 | M5: 적정 | N5: 안정 | O5: 소신 | P5: 적정 | Q5: 안정 | S5: 소신 | T5: 20~50% | U5: 추가합격 끝자락 느낌이지만 보수적으로 불합격 예측. 어디가 70% 이하 컷
B6: =B$3&"인문1" -> 서울일반인문1 | C6: =IF(D6="","",D6+종합보정값!C$14) -> 2.27 | D6: =IFERROR(IF(INDEX(종합보정값!$C:$C,MATCH(SUBSTITUTE($B6,"인문1","인문2"),종합보정값!$B:$B,0))="","",INDEX(종합보정값!$C:$C,MATCH(SUBSTITUTE($B6,"인문1","인문2"),종합보정값!$B:$B,0))+종합보정값!C$6-종합보정값!C$35),"") -> 1.97 | E6: =IF(D6="","",D6+종합보정값!D$14) -> 1.67 | F6: =IF(G6="","",G6+종합보정값!C$15) -> 1.7 | G6: =IFERROR(IF(INDEX(종합보정값!$C:$C,MATCH(SUBSTITUTE($B6,"인문1","인문2"),종합보정값!$B:$B,0))="","",INDEX(종합보정값!$C:$C,MATCH(SUBSTITUTE($B6,"인문1","인문2"),종합보정값!$B:$B,0))+종합보정값!C$7-종합보정값!C$36),"") -> 1.5 | H6: =IF(G6="","",G6+종합보정값!D$15) -> 1.3 | I6: =IF(J6="","",J6+종합보정값!C$16) -> 1.07 | J6: =IFERROR(IF(INDEX(종합보정값!$C:$C,MATCH(SUBSTITUTE($B6,"인문1","인문2"),종합보정값!$B:$B,0))="","",INDEX(종합보정값!$C:$C,MATCH(SUBSTITUTE($B6,"인문1","인문2"),종합보정값!$B:$B,0))+종합보정값!C$8-종합보정값!C$37),"") -> 1.02 | K6: =IF(J6="","",J6+종합보정값!D$16) -> 0.97 | L6: =IF(M6="","",M6+종합보정값!C$17) -> 1.02 | M6: =IFERROR(IF(INDEX(종합보정값!$C:$C,MATCH(SUBSTITUTE($B6,"인문1","인문2"),종합보정값!$B:$B,0))="","",INDEX(종합보정값!$C:$C,MATCH(SUBSTITUTE($B6,"인문1","인문2"),종합보정값!$B:$B,0))+종합보정값!C$9-종합보정값!C$38),"") -> 0.97 | N6: =IF(M6="","",M6+종합보정값!D$17) -> 0.92 | O6: =IF(P6="","",P6+종합보정값!C$18) -> 0.97 | P6: =IFERROR(IF(INDEX(종합보정값!$C:$C,MATCH(SUBSTITUTE($B6,"인문1","인문2"),종합보정값!$B:$B,0))="","",INDEX(종합보정값!$C:$C,MATCH(SUBSTITUTE($B6,"인문1","인문2"),종합보정값!$B:$B,0))+종합보정값!C$10-종합보정값!C$39),"") -> 0.92 | Q6: =IF(P6="","",P6+종합보정값!D$18) -> 0.87 | S6: 상향 | T6: 0~20% | U6: 펑크나면 붙을텐데 권장하지 않는다
B7: =B$3&"인문2" -> 서울일반인문2 | C7: =IF(D7="","",D7+종합보정값!C$14) -> 2.37 | D7: =IFERROR(IF(INDEX(종합보정값!$C:$C,MATCH($B7,종합보정값!$B:$B,0))="","",INDEX(종합보정값!$C:$C,MATCH($B7,종합보정값!$B:$B,0))+IF(INDEX(종합보정값!$E:$E,MATCH($B7,종합보정값!$B:$B,0))="인문",종합보정값!C$6,종합보정값!D$6)),"") -> 2.07 | E7: =IF(D7="","",D7+종합보정값!D$14) -> 1.77 | F7: =IF(G7="","",G7+종합보정값!C$15) -> 1.77 | G7: =IFERROR(IF(INDEX(종합보정값!$C:$C,MATCH($B7,종합보정값!$B:$B,0))="","",INDEX(종합보정값!$C:$C,MATCH($B7,종합보정값!$B:$B,0))+IF(INDEX(종합보정값!$E:$E,MATCH($B7,종합보정값!$B:$B,0))="인문",종합보정값!C$7,종합보정값!D$7)),"") -> 1.57 | H7: =IF(G7="","",G7+종합보정값!D$15) -> 1.37 | I7: =IF(J7="","",J7+종합보정값!C$16) -> 1.12 | J7: =IFERROR(IF(INDEX(종합보정값!$C:$C,MATCH($B7,종합보정값!$B:$B,0))="","",INDEX(종합보정값!$C:$C,MATCH($B7,종합보정값!$B:$B,0))+IF(INDEX(종합보정값!$E:$E,MATCH($B7,종합보정값!$B:$B,0))="인문",종합보정값!C$8,종합보정값!D$8)),"") -> 1.07 | K7: =IF(J7="","",J7+종합보정값!D$16) -> 1.02 | L7: =IF(M7="","",M7+종합보정값!C$17) -> 1.07 | M7: =IFERROR(IF(INDEX(종합보정값!$C:$C,MATCH($B7,종합보정값!$B:$B,0))="","",INDEX(종합보정값!$C:$C,MATCH($B7,종합보정값!$B:$B,0))+IF(INDEX(종합보정값!$E:$E,MATCH($B7,종합보정값!$B:$B,0))="인문",종합보정값!C$9,종합보정값!D$9)),"") -> 1.02 | N7: =IF(M7="","",M7+종합보정값!D$17) -> 0.97 | O7: =IF(P7="","",P7+종합보정값!C$18) -> 1.02 | P7: =IFERROR(IF(INDEX(종합보정값!$C:$C,MATCH($B7,종합보정값!$B:$B,0))="","",INDEX(종합보정값!$C:$C,MATCH($B7,종합보정값!$B:$B,0))+IF(INDEX(종합보정값!$E:$E,MATCH($B7,종합보정값!$B:$B,0))="인문",종합보정값!C$10,종합보정값!D$10)),"") -> 0.97 | Q7: =IF(P7="","",P7+종합보정값!D$18) -> 0.92
B8: =B$3&"인문3" -> 서울일반인문3 | C8: =IF(D8="","",D8+종합보정값!C$14) -> 2.47 | D8: =IFERROR(IF(INDEX(종합보정값!$C:$C,MATCH(SUBSTITUTE($B8,"인문3","인문2"),종합보정값!$B:$B,0))="","",INDEX(종합보정값!$C:$C,MATCH(SUBSTITUTE($B8,"인문3","인문2"),종합보정값!$B:$B,0))+종합보정값!C$6+종합보정값!C$35),"") -> 2.17 | E8: =IF(D8="","",D8+종합보정값!D$14) -> 1.87 | F8: =IF(G8="","",G8+종합보정값!C$15) -> 1.84 | G8: =IFERROR(IF(INDEX(종합보정값!$C:$C,MATCH(SUBSTITUTE($B8,"인문3","인문2"),종합보정값!$B:$B,0))="","",INDEX(종합보정값!$C:$C,MATCH(SUBSTITUTE($B8,"인문3","인문2"),종합보정값!$B:$B,0))+종합보정값!C$7+종합보정값!C$36),"") -> 1.64 | H8: =IF(G8="","",G8+종합보정값!D$15) -> 1.44 | I8: =IF(J8="","",J8+종합보정값!C$16) -> 1.17 | J8: =IFERROR(IF(INDEX(종합보정값!$C:$C,MATCH(SUBSTITUTE($B8,"인문3","인문2"),종합보정값!$B:$B,0))="","",INDEX(종합보정값!$C:$C,MATCH(SUBSTITUTE($B8,"인문3","인문2"),종합보정값!$B:$B,0))+종합보정값!C$8+종합보정값!C$37),"") -> 1.12 | K8: =IF(J8="","",J8+종합보정값!D$16) -> 1.07 | L8: =IF(M8="","",M8+종합보정값!C$17) -> 1.12 | M8: =IFERROR(IF(INDEX(종합보정값!$C:$C,MATCH(SUBSTITUTE($B8,"인문3","인문2"),종합보정값!$B:$B,0))="","",INDEX(종합보정값!$C:$C,MATCH(SUBSTITUTE($B8,"인문3","인문2"),종합보정값!$B:$B,0))+종합보정값!C$9+종합보정값!C$38),"") -> 1.07 | N8: =IF(M8="","",M8+종합보정값!D$17) -> 1.02 | O8: =IF(P8="","",P8+종합보정값!C$18) -> 1.07 | P8: =IFERROR(IF(INDEX(종합보정값!$C:$C,MATCH(SUBSTITUTE($B8,"인문3","인문2"),종합보정값!$B:$B,0))="","",INDEX(종합보정값!$C:$C,MATCH(SUBSTITUTE($B8,"인문3","인문2"),종합보정값!$B:$B,0))+종합보정값!C$10+종합보정값!C$39),"") -> 1.02 | Q8: =IF(P8="","",P8+종합보정값!D$18) -> 0.97
B9: =B$3&"자연1" -> 서울일반자연1 | C9: =IF(D9="","",D9+종합보정값!C$14) -> 3.15 | D9: =IFERROR(IF(INDEX(종합보정값!$C:$C,MATCH(SUBSTITUTE($B9,"자연1","자연2"),종합보정값!$B:$B,0))="","",INDEX(종합보정값!$C:$C,MATCH(SUBSTITUTE($B9,"자연1","자연2"),종합보정값!$B:$B,0))+종합보정값!D$6-종합보정값!D$35),"") -> 2.85 | E9: =IF(D9="","",D9+종합보정값!D$14) -> 2.55 | F9: =IF(G9="","",G9+종합보정값!C$15) -> 2.08 | G9: =IFERROR(IF(INDEX(종합보정값!$C:$C,MATCH(SUBSTITUTE($B9,"자연1","자연2"),종합보정값!$B:$B,0))="","",INDEX(종합보정값!$C:$C,MATCH(SUBSTITUTE($B9,"자연1","자연2"),종합보정값!$B:$B,0))+종합보정값!D$7-종합보정값!D$36),"") -> 1.88 | H9: =IF(G9="","",G9+종합보정값!D$15) -> 1.68 | I9: =IF(J9="","",J9+종합보정값!C$16) -> 1.2 | J9: =IFERROR(IF(INDEX(종합보정값!$C:$C,MATCH(SUBSTITUTE($B9,"자연1","자연2"),종합보정값!$B:$B,0))="","",INDEX(종합보정값!$C:$C,MATCH(SUBSTITUTE($B9,"자연1","자연2"),종합보정값!$B:$B,0))+종합보정값!D$8-종합보정값!D$37),"") -> 1.15 | K9: =IF(J9="","",J9+종합보정값!D$16) -> 1.1 | L9: =IF(M9="","",M9+종합보정값!C$17) -> 1 | M9: =IFERROR(IF(INDEX(종합보정값!$C:$C,MATCH(SUBSTITUTE($B9,"자연1","자연2"),종합보정값!$B:$B,0))="","",INDEX(종합보정값!$C:$C,MATCH(SUBSTITUTE($B9,"자연1","자연2"),종합보정값!$B:$B,0))+종합보정값!D$9-종합보정값!D$38),"") -> 0.95 | N9: =IF(M9="","",M9+종합보정값!D$17) -> 0.9 | O9: =IF(P9="","",P9+종합보정값!C$18) -> 0.95 | P9: =IFERROR(IF(INDEX(종합보정값!$C:$C,MATCH(SUBSTITUTE($B9,"자연1","자연2"),종합보정값!$B:$B,0))="","",INDEX(종합보정값!$C:$C,MATCH(SUBSTITUTE($B9,"자연1","자연2"),종합보정값!$B:$B,0))+종합보정값!D$10-종합보정값!D$39),"") -> 0.9 | Q9: =IF(P9="","",P9+종합보정값!D$18) -> 0.85
B10: =B$3&"자연2" -> 서울일반자연2 | C10: =IF(D10="","",D10+종합보정값!C$14) -> 3.25 | D10: =IFERROR(IF(INDEX(종합보정값!$C:$C,MATCH($B10,종합보정값!$B:$B,0))="","",INDEX(종합보정값!$C:$C,MATCH($B10,종합보정값!$B:$B,0))+IF(INDEX(종합보정값!$E:$E,MATCH($B10,종합보정값!$B:$B,0))="인문",종합보정값!C$6,종합보정값!D$6)),"") -> 2.95 | E10: =IF(D10="","",D10+종합보정값!D$14) -> 2.65 | F10: =IF(G10="","",G10+종합보정값!C$15) -> 2.15 | G10: =IFERROR(IF(INDEX(종합보정값!$C:$C,MATCH($B10,종합보정값!$B:$B,0))="","",INDEX(종합보정값!$C:$C,MATCH($B10,종합보정값!$B:$B,0))+IF(INDEX(종합보정값!$E:$E,MATCH($B10,종합보정값!$B:$B,0))="인문",종합보정값!C$7,종합보정값!D$7)),"") -> 1.95 | H10: =IF(G10="","",G10+종합보정값!D$15) -> 1.75 | I10: =IF(J10="","",J10+종합보정값!C$16) -> 1.25 | J10: =IFERROR(IF(INDEX(종합보정값!$C:$C,MATCH($B10,종합보정값!$B:$B,0))="","",INDEX(종합보정값!$C:$C,MATCH($B10,종합보정값!$B:$B,0))+IF(INDEX(종합보정값!$E:$E,MATCH($B10,종합보정값!$B:$B,0))="인문",종합보정값!C$8,종합보정값!D$8)),"") -> 1.2 | K10: =IF(J10="","",J10+종합보정값!D$16) -> 1.15 | L10: =IF(M10="","",M10+종합보정값!C$17) -> 1.05 | M10: =IFERROR(IF(INDEX(종합보정값!$C:$C,MATCH($B10,종합보정값!$B:$B,0))="","",INDEX(종합보정값!$C:$C,MATCH($B10,종합보정값!$B:$B,0))+IF(INDEX(종합보정값!$E:$E,MATCH($B10,종합보정값!$B:$B,0))="인문",종합보정값!C$9,종합보정값!D$9)),"") -> 1 | N10: =IF(M10="","",M10+종합보정값!D$17) -> 0.95 | O10: =IF(P10="","",P10+종합보정값!C$18) -> 1 | P10: =IFERROR(IF(INDEX(종합보정값!$C:$C,MATCH($B10,종합보정값!$B:$B,0))="","",INDEX(종합보정값!$C:$C,MATCH($B10,종합보정값!$B:$B,0))+IF(INDEX(종합보정값!$E:$E,MATCH($B10,종합보정값!$B:$B,0))="인문",종합보정값!C$10,종합보정값!D$10)),"") -> 0.95 | Q10: =IF(P10="","",P10+종합보정값!D$18) -> 0.9
B11: =B$3&"자연3" -> 서울일반자연3 | C11: =IF(D11="","",D11+종합보정값!C$14) -> 3.35 | D11: =IFERROR(IF(INDEX(종합보정값!$C:$C,MATCH(SUBSTITUTE($B11,"자연3","자연2"),종합보정값!$B:$B,0))="","",INDEX(종합보정값!$C:$C,MATCH(SUBSTITUTE($B11,"자연3","자연2"),종합보정값!$B:$B,0))+종합보정값!D$6+종합보정값!D$35),"") -> 3.05 | E11: =IF(D11="","",D11+종합보정값!D$14) -> 2.75 | F11: =IF(G11="","",G11+종합보정값!C$15) -> 2.22 | G11: =IFERROR(IF(INDEX(종합보정값!$C:$C,MATCH(SUBSTITUTE($B11,"자연3","자연2"),종합보정값!$B:$B,0))="","",INDEX(종합보정값!$C:$C,MATCH(SUBSTITUTE($B11,"자연3","자연2"),종합보정값!$B:$B,0))+종합보정값!D$7+종합보정값!D$36),"") -> 2.02 | H11: =IF(G11="","",G11+종합보정값!D$15) -> 1.82 | I11: =IF(J11="","",J11+종합보정값!C$16) -> 1.3 | J11: =IFERROR(IF(INDEX(종합보정값!$C:$C,MATCH(SUBSTITUTE($B11,"자연3","자연2"),종합보정값!$B:$B,0))="","",INDEX(종합보정값!$C:$C,MATCH(SUBSTITUTE($B11,"자연3","자연2"),종합보정값!$B:$B,0))+종합보정값!D$8+종합보정값!D$37),"") -> 1.25 | K11: =IF(J11="","",J11+종합보정값!D$16) -> 1.2 | L11: =IF(M11="","",M11+종합보정값!C$17) -> 1.1 | M11: =IFERROR(IF(INDEX(종합보정값!$C:$C,MATCH(SUBSTITUTE($B11,"자연3","자연2"),종합보정값!$B:$B,0))="","",INDEX(종합보정값!$C:$C,MATCH(SUBSTITUTE($B11,"자연3","자연2"),종합보정값!$B:$B,0))+종합보정값!D$9+종합보정값!D$38),"") -> 1.05 | N11: =IF(M11="","",M11+종합보정값!D$17) -> 1 | O11: =IF(P11="","",P11+종합보정값!C$18) -> 1.05 | P11: =IFERROR(IF(INDEX(종합보정값!$C:$C,MATCH(SUBSTITUTE($B11,"자연3","자연2"),종합보정값!$B:$B,0))="","",INDEX(종합보정값!$C:$C,MATCH(SUBSTITUTE($B11,"자연3","자연2"),종합보정값!$B:$B,0))+종합보정값!D$10+종합보정값!D$39),"") -> 1 | Q11: =IF(P11="","",P11+종합보정값!D$18) -> 0.95
B12: =B$3&"사범" -> 서울일반사범 | C12: =IF(D12="","",D12+종합보정값!C$14) | D12: =IFERROR(IF(INDEX(종합보정값!$C:$C,MATCH($B12,종합보정값!$B:$B,0))="","",INDEX(종합보정값!$C:$C,MATCH($B12,종합보정값!$B:$B,0))+IF(INDEX(종합보정값!$E:$E,MATCH($B12,종합보정값!$B:$B,0))="인문",종합보정값!C$6,종합보정값!D$6)),"") | E12: =IF(D12="","",D12+종합보정값!D$14) | F12: =IF(G12="","",G12+종합보정값!C$15) | G12: =IFERROR(IF(INDEX(종합보정값!$C:$C,MATCH($B12,종합보정값!$B:$B,0))="","",INDEX(종합보정값!$C:$C,MATCH($B12,종합보정값!$B:$B,0))+IF(INDEX(종합보정값!$E:$E,MATCH($B12,종합보정값!$B:$B,0))="인문",종합보정값!C$7,종합보정값!D$7)),"") | H12: =IF(G12="","",G12+종합보정값!D$15) | I12: =IF(J12="","",J12+종합보정값!C$16) | J12: =IFERROR(IF(INDEX(종합보정값!$C:$C,MATCH($B12,종합보정값!$B:$B,0))="","",INDEX(종합보정값!$C:$C,MATCH($B12,종합보정값!$B:$B,0))+IF(INDEX(종합보정값!$E:$E,MATCH($B12,종합보정값!$B:$B,0))="인문",종합보정값!C$8,종합보정값!D$8)),"") | K12: =IF(J12="","",J12+종합보정값!D$16) | L12: =IF(M12="","",M12+종합보정값!C$17) | M12: =IFERROR(IF(INDEX(종합보정값!$C:$C,MATCH($B12,종합보정값!$B:$B,0))="","",INDEX(종합보정값!$C:$C,MATCH($B12,종합보정값!$B:$B,0))+IF(INDEX(종합보정값!$E:$E,MATCH($B12,종합보정값!$B:$B,0))="인문",종합보정값!C$9,종합보정값!D$9)),"") | N12: =IF(M12="","",M12+종합보정값!D$17) | O12: =IF(P12="","",P12+종합보정값!C$18) | P12: =IFERROR(IF(INDEX(종합보정값!$C:$C,MATCH($B12,종합보정값!$B:$B,0))="","",INDEX(종합보정값!$C:$C,MATCH($B12,종합보정값!$B:$B,0))+IF(INDEX(종합보정값!$E:$E,MATCH($B12,종합보정값!$B:$B,0))="인문",종합보정값!C$10,종합보정값!D$10)),"") | Q12: =IF(P12="","",P12+종합보정값!D$18)
B13: =B$3&"자전자연" -> 서울일반자전자연 | C13: =IF(D13="","",D13+종합보정값!C$14) | D13: =IFERROR(IF(INDEX(종합보정값!$C:$C,MATCH($B13,종합보정값!$B:$B,0))="","",INDEX(종합보정값!$C:$C,MATCH($B13,종합보정값!$B:$B,0))+IF(INDEX(종합보정값!$E:$E,MATCH($B13,종합보정값!$B:$B,0))="인문",종합보정값!C$6,종합보정값!D$6)),"") | E13: =IF(D13="","",D13+종합보정값!D$14) | F13: =IF(G13="","",G13+종합보정값!C$15) | G13: =IFERROR(IF(INDEX(종합보정값!$C:$C,MATCH($B13,종합보정값!$B:$B,0))="","",INDEX(종합보정값!$C:$C,MATCH($B13,종합보정값!$B:$B,0))+IF(INDEX(종합보정값!$E:$E,MATCH($B13,종합보정값!$B:$B,0))="인문",종합보정값!C$7,종합보정값!D$7)),"") | H13: =IF(G13="","",G13+종합보정값!D$15) | I13: =IF(J13="","",J13+종합보정값!C$16) | J13: =IFERROR(IF(INDEX(종합보정값!$C:$C,MATCH($B13,종합보정값!$B:$B,0))="","",INDEX(종합보정값!$C:$C,MATCH($B13,종합보정값!$B:$B,0))+IF(INDEX(종합보정값!$E:$E,MATCH($B13,종합보정값!$B:$B,0))="인문",종합보정값!C$8,종합보정값!D$8)),"") | K13: =IF(J13="","",J13+종합보정값!D$16) | L13: =IF(M13="","",M13+종합보정값!C$17) | M13: =IFERROR(IF(INDEX(종합보정값!$C:$C,MATCH($B13,종합보정값!$B:$B,0))="","",INDEX(종합보정값!$C:$C,MATCH($B13,종합보정값!$B:$B,0))+IF(INDEX(종합보정값!$E:$E,MATCH($B13,종합보정값!$B:$B,0))="인문",종합보정값!C$9,종합보정값!D$9)),"") | N13: =IF(M13="","",M13+종합보정값!D$17) | O13: =IF(P13="","",P13+종합보정값!C$18) | P13: =IFERROR(IF(INDEX(종합보정값!$C:$C,MATCH($B13,종합보정값!$B:$B,0))="","",INDEX(종합보정값!$C:$C,MATCH($B13,종합보정값!$B:$B,0))+IF(INDEX(종합보정값!$E:$E,MATCH($B13,종합보정값!$B:$B,0))="인문",종합보정값!C$10,종합보정값!D$10)),"") | Q13: =IF(P13="","",P13+종합보정값!D$18)
B14: =B$3&"자전공통" -> 서울일반자전공통 | C14: =IF(D14="","",D14+종합보정값!C$14) | D14: =IFERROR(IF(INDEX(종합보정값!$C:$C,MATCH($B14,종합보정값!$B:$B,0))="","",INDEX(종합보정값!$C:$C,MATCH($B14,종합보정값!$B:$B,0))+IF(INDEX(종합보정값!$E:$E,MATCH($B14,종합보정값!$B:$B,0))="인문",종합보정값!C$6,종합보정값!D$6)),"") | E14: =IF(D14="","",D14+종합보정값!D$14) | F14: =IF(G14="","",G14+종합보정값!C$15) | G14: =IFERROR(IF(INDEX(종합보정값!$C:$C,MATCH($B14,종합보정값!$B:$B,0))="","",INDEX(종합보정값!$C:$C,MATCH($B14,종합보정값!$B:$B,0))+IF(INDEX(종합보정값!$E:$E,MATCH($B14,종합보정값!$B:$B,0))="인문",종합보정값!C$7,종합보정값!D$7)),"") | H14: =IF(G14="","",G14+종합보정값!D$15) | I14: =IF(J14="","",J14+종합보정값!C$16) | J14: =IFERROR(IF(INDEX(종합보정값!$C:$C,MATCH($B14,종합보정값!$B:$B,0))="","",INDEX(종합보정값!$C:$C,MATCH($B14,종합보정값!$B:$B,0))+IF(INDEX(종합보정값!$E:$E,MATCH($B14,종합보정값!$B:$B,0))="인문",종합보정값!C$8,종합보정값!D$8)),"") | K14: =IF(J14="","",J14+종합보정값!D$16) | L14: =IF(M14="","",M14+종합보정값!C$17) | M14: =IFERROR(IF(INDEX(종합보정값!$C:$C,MATCH($B14,종합보정값!$B:$B,0))="","",INDEX(종합보정값!$C:$C,MATCH($B14,종합보정값!$B:$B,0))+IF(INDEX(종합보정값!$E:$E,MATCH($B14,종합보정값!$B:$B,0))="인문",종합보정값!C$9,종합보정값!D$9)),"") | N14: =IF(M14="","",M14+종합보정값!D$17) | O14: =IF(P14="","",P14+종합보정값!C$18) | P14: =IFERROR(IF(INDEX(종합보정값!$C:$C,MATCH($B14,종합보정값!$B:$B,0))="","",INDEX(종합보정값!$C:$C,MATCH($B14,종합보정값!$B:$B,0))+IF(INDEX(종합보정값!$E:$E,MATCH($B14,종합보정값!$B:$B,0))="인문",종합보정값!C$10,종합보정값!D$10)),"") | Q14: =IF(P14="","",P14+종합보정값!D$18)
B15: =B$3&"자전인문" -> 서울일반자전인문 | C15: =IF(D15="","",D15+종합보정값!C$14) | D15: =IFERROR(IF(INDEX(종합보정값!$C:$C,MATCH($B15,종합보정값!$B:$B,0))="","",INDEX(종합보정값!$C:$C,MATCH($B15,종합보정값!$B:$B,0))+IF(INDEX(종합보정값!$E:$E,MATCH($B15,종합보정값!$B:$B,0))="인문",종합보정값!C$6,종합보정값!D$6)),"") | E15: =IF(D15="","",D15+종합보정값!D$14) | F15: =IF(G15="","",G15+종합보정값!C$15) | G15: =IFERROR(IF(INDEX(종합보정값!$C:$C,MATCH($B15,종합보정값!$B:$B,0))="","",INDEX(종합보정값!$C:$C,MATCH($B15,종합보정값!$B:$B,0))+IF(INDEX(종합보정값!$E:$E,MATCH($B15,종합보정값!$B:$B,0))="인문",종합보정값!C$7,종합보정값!D$7)),"") | H15: =IF(G15="","",G15+종합보정값!D$15) | I15: =IF(J15="","",J15+종합보정값!C$16) | J15: =IFERROR(IF(INDEX(종합보정값!$C:$C,MATCH($B15,종합보정값!$B:$B,0))="","",INDEX(종합보정값!$C:$C,MATCH($B15,종합보정값!$B:$B,0))+IF(INDEX(종합보정값!$E:$E,MATCH($B15,종합보정값!$B:$B,0))="인문",종합보정값!C$8,종합보정값!D$8)),"") | K15: =IF(J15="","",J15+종합보정값!D$16) | L15: =IF(M15="","",M15+종합보정값!C$17) | M15: =IFERROR(IF(INDEX(종합보정값!$C:$C,MATCH($B15,종합보정값!$B:$B,0))="","",INDEX(종합보정값!$C:$C,MATCH($B15,종합보정값!$B:$B,0))+IF(INDEX(종합보정값!$E:$E,MATCH($B15,종합보정값!$B:$B,0))="인문",종합보정값!C$9,종합보정값!D$9)),"") | N15: =IF(M15="","",M15+종합보정값!D$17) | O15: =IF(P15="","",P15+종합보정값!C$18) | P15: =IFERROR(IF(INDEX(종합보정값!$C:$C,MATCH($B15,종합보정값!$B:$B,0))="","",INDEX(종합보정값!$C:$C,MATCH($B15,종합보정값!$B:$B,0))+IF(INDEX(종합보정값!$E:$E,MATCH($B15,종합보정값!$B:$B,0))="인문",종합보정값!C$10,종합보정값!D$10)),"") | Q15: =IF(P15="","",P15+종합보정값!D$18)
B17: 연세활동
C18: A | F18: B | I18: C | L18: D | O18: E
B19: 학과유형 | C19: 소신 | D19: 적정 | E19: 안정 | F19: 소신 | G19: 적정 | H19: 안정 | I19: 소신 | J19: 적정 | K19: 안정 | L19: 소신 | M19: 적정 | N19: 안정 | O19: 소신 | P19: 적정 | Q19: 안정
B20: =B$17&"인문1" -> 연세활동인문1 | C20: =IF(D20="","",D20+종합보정값!M$14) -> 2.6 | D20: =IFERROR(IF(INDEX(종합보정값!$M:$M,MATCH(SUBSTITUTE($B20,"인문1","인문2"),종합보정값!$L:$L,0))="","",INDEX(종합보정값!$M:$M,MATCH(SUBSTITUTE($B20,"인문1","인문2"),종합보정값!$L:$L,0))+종합보정값!M$6-종합보정값!M$35),"") -> 2.2 | E20: =IF(D20="","",D20+종합보정값!N$14) -> 1.9 | F20: =IF(G20="","",G20+종합보정값!M$15) -> 1.93 | G20: =IFERROR(IF(INDEX(종합보정값!$M:$M,MATCH(SUBSTITUTE($B20,"인문1","인문2"),종합보정값!$L:$L,0))="","",INDEX(종합보정값!$M:$M,MATCH(SUBSTITUTE($B20,"인문1","인문2"),종합보정값!$L:$L,0))+종합보정값!M$7-종합보정값!M$36),"") -> 1.73 | H20: =IF(G20="","",G20+종합보정값!N$15) -> 1.58 | I20: =IF(J20="","",J20+종합보정값!M$16) -> 1.32 | J20: =IFERROR(IF(INDEX(종합보정값!$M:$M,MATCH(SUBSTITUTE($B20,"인문1","인문2"),종합보정값!$L:$L,0))="","",INDEX(종합보정값!$M:$M,MATCH(SUBSTITUTE($B20,"인문1","인문2"),종합보정값!$L:$L,0))+종합보정값!M$8-종합보정값!M$37),"") -> 1.25 | K20: =IF(J20="","",J20+종합보정값!N$16) -> 1.18 | L20: =IF(M20="","",M20+종합보정값!M$17) -> 1.1 | M20: =IFERROR(IF(INDEX(종합보정값!$M:$M,MATCH(SUBSTITUTE($B20,"인문1","인문2"),종합보정값!$L:$L,0))="","",INDEX(종합보정값!$M:$M,MATCH(SUBSTITUTE($B20,"인문1","인문2"),종합보정값!$L:$L,0))+종합보정값!M$9-종합보정값!M$38),"") -> 1.05 | N20: =IF(M20="","",M20+종합보정값!N$17) -> 1 | O20: =IF(P20="","",P20+종합보정값!M$18) -> 1.1 | P20: =IFERROR(IF(INDEX(종합보정값!$M:$M,MATCH(SUBSTITUTE($B20,"인문1","인문2"),종합보정값!$L:$L,0))="","",INDEX(종합보정값!$M:$M,MATCH(SUBSTITUTE($B20,"인문1","인문2"),종합보정값!$L:$L,0))+종합보정값!M$10-종합보정값!M$39),"") -> 1.05 | Q20: =IF(P20="","",P20+종합보정값!N$18) -> 1
B21: =B$17&"인문2" -> 연세활동인문2 | C21: =IF(D21="","",D21+종합보정값!M$14) -> 2.7 | D21: =IFERROR(IF(INDEX(종합보정값!$M:$M,MATCH($B21,종합보정값!$L:$L,0))="","",INDEX(종합보정값!$M:$M,MATCH($B21,종합보정값!$L:$L,0))+IF(INDEX(종합보정값!$O:$O,MATCH($B21,종합보정값!$L:$L,0))="인문",종합보정값!M$6,종합보정값!N$6)),"") -> 2.3 | E21: =IF(D21="","",D21+종합보정값!N$14) -> 2 | F21: =IF(G21="","",G21+종합보정값!M$15) -> 2 | G21: =IFERROR(IF(INDEX(종합보정값!$M:$M,MATCH($B21,종합보정값!$L:$L,0))="","",INDEX(종합보정값!$M:$M,MATCH($B21,종합보정값!$L:$L,0))+IF(INDEX(종합보정값!$O:$O,MATCH($B21,종합보정값!$L:$L,0))="인문",종합보정값!M$7,종합보정값!N$7)),"") -> 1.8 | H21: =IF(G21="","",G21+종합보정값!N$15) -> 1.65 | I21: =IF(J21="","",J21+종합보정값!M$16) -> 1.37 | J21: =IFERROR(IF(INDEX(종합보정값!$M:$M,MATCH($B21,종합보정값!$L:$L,0))="","",INDEX(종합보정값!$M:$M,MATCH($B21,종합보정값!$L:$L,0))+IF(INDEX(종합보정값!$O:$O,MATCH($B21,종합보정값!$L:$L,0))="인문",종합보정값!M$8,종합보정값!N$8)),"") -> 1.3 | K21: =IF(J21="","",J21+종합보정값!N$16) -> 1.23 | L21: =IF(M21="","",M21+종합보정값!M$17) -> 1.15 | M21: =IFERROR(IF(INDEX(종합보정값!$M:$M,MATCH($B21,종합보정값!$L:$L,0))="","",INDEX(종합보정값!$M:$M,MATCH($B21,종합보정값!$L:$L,0))+IF(INDEX(종합보정값!$O:$O,MATCH($B21,종합보정값!$L:$L,0))="인문",종합보정값!M$9,종합보정값!N$9)),"") -> 1.1 | N21: =IF(M21="","",M21+종합보정값!N$17) -> 1.05 | O21: =IF(P21="","",P21+종합보정값!M$18) -> 1.15 | P21: =IFERROR(IF(INDEX(종합보정값!$M:$M,MATCH($B21,종합보정값!$L:$L,0))="","",INDEX(종합보정값!$M:$M,MATCH($B21,종합보정값!$L:$L,0))+IF(INDEX(종합보정값!$O:$O,MATCH($B21,종합보정값!$L:$L,0))="인문",종합보정값!M$10,종합보정값!N$10)),"") -> 1.1 | Q21: =IF(P21="","",P21+종합보정값!N$18) -> 1.05
B22: =B$17&"인문3" -> 연세활동인문3 | C22: =IF(D22="","",D22+종합보정값!M$14) -> 2.8 | D22: =IFERROR(IF(INDEX(종합보정값!$M:$M,MATCH(SUBSTITUTE($B22,"인문3","인문2"),종합보정값!$L:$L,0))="","",INDEX(종합보정값!$M:$M,MATCH(SUBSTITUTE($B22,"인문3","인문2"),종합보정값!$L:$L,0))+종합보정값!M$6+종합보정값!M$35),"") -> 2.4 | E22: =IF(D22="","",D22+종합보정값!N$14) -> 2.1 | F22: =IF(G22="","",G22+종합보정값!M$15) -> 2.07 | G22: =IFERROR(IF(INDEX(종합보정값!$M:$M,MATCH(SUBSTITUTE($B22,"인문3","인문2"),종합보정값!$L:$L,0))="","",INDEX(종합보정값!$M:$M,MATCH(SUBSTITUTE($B22,"인문3","인문2"),종합보정값!$L:$L,0))+종합보정값!M$7+종합보정값!M$36),"") -> 1.87 | H22: =IF(G22="","",G22+종합보정값!N$15) -> 1.72 | I22: =IF(J22="","",J22+종합보정값!M$16) -> 1.42 | J22: =IFERROR(IF(INDEX(종합보정값!$M:$M,MATCH(SUBSTITUTE($B22,"인문3","인문2"),종합보정값!$L:$L,0))="","",INDEX(종합보정값!$M:$M,MATCH(SUBSTITUTE($B22,"인문3","인문2"),종합보정값!$L:$L,0))+종합보정값!M$8+종합보정값!M$37),"") -> 1.35 | K22: =IF(J22="","",J22+종합보정값!N$16) -> 1.28 | L22: =IF(M22="","",M22+종합보정값!M$17) -> 1.2 | M22: =IFERROR(IF(INDEX(종합보정값!$M:$M,MATCH(SUBSTITUTE($B22,"인문3","인문2"),종합보정값!$L:$L,0))="","",INDEX(종합보정값!$M:$M,MATCH(SUBSTITUTE($B22,"인문3","인문2"),종합보정값!$L:$L,0))+종합보정값!M$9+종합보정값!M$38),"") -> 1.15 | N22: =IF(M22="","",M22+종합보정값!N$17) -> 1.1 | O22: =IF(P22="","",P22+종합보정값!M$18) -> 1.2 | P22: =IFERROR(IF(INDEX(종합보정값!$M:$M,MATCH(SUBSTITUTE($B22,"인문3","인문2"),종합보정값!$L:$L,0))="","",INDEX(종합보정값!$M:$M,MATCH(SUBSTITUTE($B22,"인문3","인문2"),종합보정값!$L:$L,0))+종합보정값!M$10+종합보정값!M$39),"") -> 1.15 | Q22: =IF(P22="","",P22+종합보정값!N$18) -> 1.1
B23: =B$17&"자연1" -> 연세활동자연1 | C23: =IF(D23="","",D23+종합보정값!M$14) -> 3.45 | D23: =IFERROR(IF(INDEX(종합보정값!$M:$M,MATCH(SUBSTITUTE($B23,"자연1","자연2"),종합보정값!$L:$L,0))="","",INDEX(종합보정값!$M:$M,MATCH(SUBSTITUTE($B23,"자연1","자연2"),종합보정값!$L:$L,0))+종합보정값!N$6-종합보정값!N$35),"") -> 3.05 | E23: =IF(D23="","",D23+종합보정값!N$14) -> 2.75 | F23: =IF(G23="","",G23+종합보정값!M$15) -> 2.25 | G23: =IFERROR(IF(INDEX(종합보정값!$M:$M,MATCH(SUBSTITUTE($B23,"자연1","자연2"),종합보정값!$L:$L,0))="","",INDEX(종합보정값!$M:$M,MATCH(SUBSTITUTE($B23,"자연1","자연2"),종합보정값!$L:$L,0))+종합보정값!N$7-종합보정값!N$36),"") -> 2.05 | H23: =IF(G23="","",G23+종합보정값!N$15) -> 1.9 | I23: =IF(J23="","",J23+종합보정값!M$16) -> 1.42 | J23: =IFERROR(IF(INDEX(종합보정값!$M:$M,MATCH(SUBSTITUTE($B23,"자연1","자연2"),종합보정값!$L:$L,0))="","",INDEX(종합보정값!$M:$M,MATCH(SUBSTITUTE($B23,"자연1","자연2"),종합보정값!$L:$L,0))+종합보정값!N$8-종합보정값!N$37),"") -> 1.35 | K23: =IF(J23="","",J23+종합보정값!N$16) -> 1.28 | L23: =IF(M23="","",M23+종합보정값!M$17) -> 1.2 | M23: =IFERROR(IF(INDEX(종합보정값!$M:$M,MATCH(SUBSTITUTE($B23,"자연1","자연2"),종합보정값!$L:$L,0))="","",INDEX(종합보정값!$M:$M,MATCH(SUBSTITUTE($B23,"자연1","자연2"),종합보정값!$L:$L,0))+종합보정값!N$9-종합보정값!N$38),"") -> 1.15 | N23: =IF(M23="","",M23+종합보정값!N$17) -> 1.1 | O23: =IF(P23="","",P23+종합보정값!M$18) -> 1.2 | P23: =IFERROR(IF(INDEX(종합보정값!$M:$M,MATCH(SUBSTITUTE($B23,"자연1","자연2"),종합보정값!$L:$L,0))="","",INDEX(종합보정값!$M:$M,MATCH(SUBSTITUTE($B23,"자연1","자연2"),종합보정값!$L:$L,0))+종합보정값!N$10-종합보정값!N$39),"") -> 1.15 | Q23: =IF(P23="","",P23+종합보정값!N$18) -> 1.1
B24: =B$17&"자연2" -> 연세활동자연2 | C24: =IF(D24="","",D24+종합보정값!M$14) -> 3.55 | D24: =IFERROR(IF(INDEX(종합보정값!$M:$M,MATCH($B24,종합보정값!$L:$L,0))="","",INDEX(종합보정값!$M:$M,MATCH($B24,종합보정값!$L:$L,0))+IF(INDEX(종합보정값!$O:$O,MATCH($B24,종합보정값!$L:$L,0))="인문",종합보정값!M$6,종합보정값!N$6)),"") -> 3.15 | E24: =IF(D24="","",D24+종합보정값!N$14) -> 2.85 | F24: =IF(G24="","",G24+종합보정값!M$15) -> 2.35 | G24: =IFERROR(IF(INDEX(종합보정값!$M:$M,MATCH($B24,종합보정값!$L:$L,0))="","",INDEX(종합보정값!$M:$M,MATCH($B24,종합보정값!$L:$L,0))+IF(INDEX(종합보정값!$O:$O,MATCH($B24,종합보정값!$L:$L,0))="인문",종합보정값!M$7,종합보정값!N$7)),"") -> 2.15 | H24: =IF(G24="","",G24+종합보정값!N$15) -> 2 | I24: =IF(J24="","",J24+종합보정값!M$16) -> 1.47 | J24: =IFERROR(IF(INDEX(종합보정값!$M:$M,MATCH($B24,종합보정값!$L:$L,0))="","",INDEX(종합보정값!$M:$M,MATCH($B24,종합보정값!$L:$L,0))+IF(INDEX(종합보정값!$O:$O,MATCH($B24,종합보정값!$L:$L,0))="인문",종합보정값!M$8,종합보정값!N$8)),"") -> 1.4 | K24: =IF(J24="","",J24+종합보정값!N$16) -> 1.33 | L24: =IF(M24="","",M24+종합보정값!M$17) -> 1.25 | M24: =IFERROR(IF(INDEX(종합보정값!$M:$M,MATCH($B24,종합보정값!$L:$L,0))="","",INDEX(종합보정값!$M:$M,MATCH($B24,종합보정값!$L:$L,0))+IF(INDEX(종합보정값!$O:$O,MATCH($B24,종합보정값!$L:$L,0))="인문",종합보정값!M$9,종합보정값!N$9)),"") -> 1.2 | N24: =IF(M24="","",M24+종합보정값!N$17) -> 1.15 | O24: =IF(P24="","",P24+종합보정값!M$18) -> 1.25 | P24: =IFERROR(IF(INDEX(종합보정값!$M:$M,MATCH($B24,종합보정값!$L:$L,0))="","",INDEX(종합보정값!$M:$M,MATCH($B24,종합보정값!$L:$L,0))+IF(INDEX(종합보정값!$O:$O,MATCH($B24,종합보정값!$L:$L,0))="인문",종합보정값!M$10,종합보정값!N$10)),"") -> 1.2 | Q24: =IF(P24="","",P24+종합보정값!N$18) -> 1.15
B25: =B$17&"자연3" -> 연세활동자연3 | C25: =IF(D25="","",D25+종합보정값!M$14) -> 3.65 | D25: =IFERROR(IF(INDEX(종합보정값!$M:$M,MATCH(SUBSTITUTE($B25,"자연3","자연2"),종합보정값!$L:$L,0))="","",INDEX(종합보정값!$M:$M,MATCH(SUBSTITUTE($B25,"자연3","자연2"),종합보정값!$L:$L,0))+종합보정값!N$6+종합보정값!N$35),"") -> 3.25 | E25: =IF(D25="","",D25+종합보정값!N$14) -> 2.95 | F25: =IF(G25="","",G25+종합보정값!M$15) -> 2.45 | G25: =IFERROR(IF(INDEX(종합보정값!$M:$M,MATCH(SUBSTITUTE($B25,"자연3","자연2"),종합보정값!$L:$L,0))="","",INDEX(종합보정값!$M:$M,MATCH(SUBSTITUTE($B25,"자연3","자연2"),종합보정값!$L:$L,0))+종합보정값!N$7+종합보정값!N$36),"") -> 2.25 | H25: =IF(G25="","",G25+종합보정값!N$15) -> 2.1 | I25: =IF(J25="","",J25+종합보정값!M$16) -> 1.52 | J25: =IFERROR(IF(INDEX(종합보정값!$M:$M,MATCH(SUBSTITUTE($B25,"자연3","자연2"),종합보정값!$L:$L,0))="","",INDEX(종합보정값!$M:$M,MATCH(SUBSTITUTE($B25,"자연3","자연2"),종합보정값!$L:$L,0))+종합보정값!N$8+종합보정값!N$37),"") -> 1.45 | K25: =IF(J25="","",J25+종합보정값!N$16) -> 1.38 | L25: =IF(M25="","",M25+종합보정값!M$17) -> 1.3 | M25: =IFERROR(IF(INDEX(종합보정값!$M:$M,MATCH(SUBSTITUTE($B25,"자연3","자연2"),종합보정값!$L:$L,0))="","",INDEX(종합보정값!$M:$M,MATCH(SUBSTITUTE($B25,"자연3","자연2"),종합보정값!$L:$L,0))+종합보정값!N$9+종합보정값!N$38),"") -> 1.25 | N25: =IF(M25="","",M25+종합보정값!N$17) -> 1.2 | O25: =IF(P25="","",P25+종합보정값!M$18) -> 1.3 | P25: =IFERROR(IF(INDEX(종합보정값!$M:$M,MATCH(SUBSTITUTE($B25,"자연3","자연2"),종합보정값!$L:$L,0))="","",INDEX(종합보정값!$M:$M,MATCH(SUBSTITUTE($B25,"자연3","자연2"),종합보정값!$L:$L,0))+종합보정값!N$10+종합보정값!N$39),"") -> 1.25 | Q25: =IF(P25="","",P25+종합보정값!N$18) -> 1.2
B26: =B$17&"사범" -> 연세활동사범 | C26: =IF(D26="","",D26+종합보정값!M$14) | D26: =IFERROR(IF(INDEX(종합보정값!$M:$M,MATCH($B26,종합보정값!$L:$L,0))="","",INDEX(종합보정값!$M:$M,MATCH($B26,종합보정값!$L:$L,0))+IF(INDEX(종합보정값!$O:$O,MATCH($B26,종합보정값!$L:$L,0))="인문",종합보정값!M$6,종합보정값!N$6)),"") | E26: =IF(D26="","",D26+종합보정값!N$14) | F26: =IF(G26="","",G26+종합보정값!M$15) | G26: =IFERROR(IF(INDEX(종합보정값!$M:$M,MATCH($B26,종합보정값!$L:$L,0))="","",INDEX(종합보정값!$M:$M,MATCH($B26,종합보정값!$L:$L,0))+IF(INDEX(종합보정값!$O:$O,MATCH($B26,종합보정값!$L:$L,0))="인문",종합보정값!M$7,종합보정값!N$7)),"") | H26: =IF(G26="","",G26+종합보정값!N$15) | I26: =IF(J26="","",J26+종합보정값!M$16) | J26: =IFERROR(IF(INDEX(종합보정값!$M:$M,MATCH($B26,종합보정값!$L:$L,0))="","",INDEX(종합보정값!$M:$M,MATCH($B26,종합보정값!$L:$L,0))+IF(INDEX(종합보정값!$O:$O,MATCH($B26,종합보정값!$L:$L,0))="인문",종합보정값!M$8,종합보정값!N$8)),"") | K26: =IF(J26="","",J26+종합보정값!N$16) | L26: =IF(M26="","",M26+종합보정값!M$17) | M26: =IFERROR(IF(INDEX(종합보정값!$M:$M,MATCH($B26,종합보정값!$L:$L,0))="","",INDEX(종합보정값!$M:$M,MATCH($B26,종합보정값!$L:$L,0))+IF(INDEX(종합보정값!$O:$O,MATCH($B26,종합보정값!$L:$L,0))="인문",종합보정값!M$9,종합보정값!N$9)),"") | N26: =IF(M26="","",M26+종합보정값!N$17) | O26: =IF(P26="","",P26+종합보정값!M$18) | P26: =IFERROR(IF(INDEX(종합보정값!$M:$M,MATCH($B26,종합보정값!$L:$L,0))="","",INDEX(종합보정값!$M:$M,MATCH($B26,종합보정값!$L:$L,0))+IF(INDEX(종합보정값!$O:$O,MATCH($B26,종합보정값!$L:$L,0))="인문",종합보정값!M$10,종합보정값!N$10)),"") | Q26: =IF(P26="","",P26+종합보정값!N$18)
B27: =B$17&"자전자연" -> 연세활동자전자연 | C27: =IF(D27="","",D27+종합보정값!M$14) | D27: =IFERROR(IF(INDEX(종합보정값!$M:$M,MATCH($B27,종합보정값!$L:$L,0))="","",INDEX(종합보정값!$M:$M,MATCH($B27,종합보정값!$L:$L,0))+IF(INDEX(종합보정값!$O:$O,MATCH($B27,종합보정값!$L:$L,0))="인문",종합보정값!M$6,종합보정값!N$6)),"") | E27: =IF(D27="","",D27+종합보정값!N$14) | F27: =IF(G27="","",G27+종합보정값!M$15) | G27: =IFERROR(IF(INDEX(종합보정값!$M:$M,MATCH($B27,종합보정값!$L:$L,0))="","",INDEX(종합보정값!$M:$M,MATCH($B27,종합보정값!$L:$L,0))+IF(INDEX(종합보정값!$O:$O,MATCH($B27,종합보정값!$L:$L,0))="인문",종합보정값!M$7,종합보정값!N$7)),"") | H27: =IF(G27="","",G27+종합보정값!N$15) | I27: =IF(J27="","",J27+종합보정값!M$16) | J27: =IFERROR(IF(INDEX(종합보정값!$M:$M,MATCH($B27,종합보정값!$L:$L,0))="","",INDEX(종합보정값!$M:$M,MATCH($B27,종합보정값!$L:$L,0))+IF(INDEX(종합보정값!$O:$O,MATCH($B27,종합보정값!$L:$L,0))="인문",종합보정값!M$8,종합보정값!N$8)),"") | K27: =IF(J27="","",J27+종합보정값!N$16) | L27: =IF(M27="","",M27+종합보정값!M$17) | M27: =IFERROR(IF(INDEX(종합보정값!$M:$M,MATCH($B27,종합보정값!$L:$L,0))="","",INDEX(종합보정값!$M:$M,MATCH($B27,종합보정값!$L:$L,0))+IF(INDEX(종합보정값!$O:$O,MATCH($B27,종합보정값!$L:$L,0))="인문",종합보정값!M$9,종합보정값!N$9)),"") | N27: =IF(M27="","",M27+종합보정값!N$17) | O27: =IF(P27="","",P27+종합보정값!M$18) | P27: =IFERROR(IF(INDEX(종합보정값!$M:$M,MATCH($B27,종합보정값!$L:$L,0))="","",INDEX(종합보정값!$M:$M,MATCH($B27,종합보정값!$L:$L,0))+IF(INDEX(종합보정값!$O:$O,MATCH($B27,종합보정값!$L:$L,0))="인문",종합보정값!M$10,종합보정값!N$10)),"") | Q27: =IF(P27="","",P27+종합보정값!N$18)
B28: =B$17&"자전공통" -> 연세활동자전공통 | C28: =IF(D28="","",D28+종합보정값!M$14) | D28: =IFERROR(IF(INDEX(종합보정값!$M:$M,MATCH($B28,종합보정값!$L:$L,0))="","",INDEX(종합보정값!$M:$M,MATCH($B28,종합보정값!$L:$L,0))+IF(INDEX(종합보정값!$O:$O,MATCH($B28,종합보정값!$L:$L,0))="인문",종합보정값!M$6,종합보정값!N$6)),"") | E28: =IF(D28="","",D28+종합보정값!N$14) | F28: =IF(G28="","",G28+종합보정값!M$15) | G28: =IFERROR(IF(INDEX(종합보정값!$M:$M,MATCH($B28,종합보정값!$L:$L,0))="","",INDEX(종합보정값!$M:$M,MATCH($B28,종합보정값!$L:$L,0))+IF(INDEX(종합보정값!$O:$O,MATCH($B28,종합보정값!$L:$L,0))="인문",종합보정값!M$7,종합보정값!N$7)),"") | H28: =IF(G28="","",G28+종합보정값!N$15) | I28: =IF(J28="","",J28+종합보정값!M$16) | J28: =IFERROR(IF(INDEX(종합보정값!$M:$M,MATCH($B28,종합보정값!$L:$L,0))="","",INDEX(종합보정값!$M:$M,MATCH($B28,종합보정값!$L:$L,0))+IF(INDEX(종합보정값!$O:$O,MATCH($B28,종합보정값!$L:$L,0))="인문",종합보정값!M$8,종합보정값!N$8)),"") | K28: =IF(J28="","",J28+종합보정값!N$16) | L28: =IF(M28="","",M28+종합보정값!M$17) | M28: =IFERROR(IF(INDEX(종합보정값!$M:$M,MATCH($B28,종합보정값!$L:$L,0))="","",INDEX(종합보정값!$M:$M,MATCH($B28,종합보정값!$L:$L,0))+IF(INDEX(종합보정값!$O:$O,MATCH($B28,종합보정값!$L:$L,0))="인문",종합보정값!M$9,종합보정값!N$9)),"") | N28: =IF(M28="","",M28+종합보정값!N$17) | O28: =IF(P28="","",P28+종합보정값!M$18) | P28: =IFERROR(IF(INDEX(종합보정값!$M:$M,MATCH($B28,종합보정값!$L:$L,0))="","",INDEX(종합보정값!$M:$M,MATCH($B28,종합보정값!$L:$L,0))+IF(INDEX(종합보정값!$O:$O,MATCH($B28,종합보정값!$L:$L,0))="인문",종합보정값!M$10,종합보정값!N$10)),"") | Q28: =IF(P28="","",P28+종합보정값!N$18)
B29: =B$17&"자전인문" -> 연세활동자전인문 | C29: =IF(D29="","",D29+종합보정값!M$14) | D29: =IFERROR(IF(INDEX(종합보정값!$M:$M,MATCH($B29,종합보정값!$L:$L,0))="","",INDEX(종합보정값!$M:$M,MATCH($B29,종합보정값!$L:$L,0))+IF(INDEX(종합보정값!$O:$O,MATCH($B29,종합보정값!$L:$L,0))="인문",종합보정값!M$6,종합보정값!N$6)),"") | E29: =IF(D29="","",D29+종합보정값!N$14) | F29: =IF(G29="","",G29+종합보정값!M$15) | G29: =IFERROR(IF(INDEX(종합보정값!$M:$M,MATCH($B29,종합보정값!$L:$L,0))="","",INDEX(종합보정값!$M:$M,MATCH($B29,종합보정값!$L:$L,0))+IF(INDEX(종합보정값!$O:$O,MATCH($B29,종합보정값!$L:$L,0))="인문",종합보정값!M$7,종합보정값!N$7)),"") | H29: =IF(G29="","",G29+종합보정값!N$15) | I29: =IF(J29="","",J29+종합보정값!M$16) | J29: =IFERROR(IF(INDEX(종합보정값!$M:$M,MATCH($B29,종합보정값!$L:$L,0))="","",INDEX(종합보정값!$M:$M,MATCH($B29,종합보정값!$L:$L,0))+IF(INDEX(종합보정값!$O:$O,MATCH($B29,종합보정값!$L:$L,0))="인문",종합보정값!M$8,종합보정값!N$8)),"") | K29: =IF(J29="","",J29+종합보정값!N$16) | L29: =IF(M29="","",M29+종합보정값!M$17) | M29: =IFERROR(IF(INDEX(종합보정값!$M:$M,MATCH($B29,종합보정값!$L:$L,0))="","",INDEX(종합보정값!$M:$M,MATCH($B29,종합보정값!$L:$L,0))+IF(INDEX(종합보정값!$O:$O,MATCH($B29,종합보정값!$L:$L,0))="인문",종합보정값!M$9,종합보정값!N$9)),"") | N29: =IF(M29="","",M29+종합보정값!N$17) | O29: =IF(P29="","",P29+종합보정값!M$18) | P29: =IFERROR(IF(INDEX(종합보정값!$M:$M,MATCH($B29,종합보정값!$L:$L,0))="","",INDEX(종합보정값!$M:$M,MATCH($B29,종합보정값!$L:$L,0))+IF(INDEX(종합보정값!$O:$O,MATCH($B29,종합보정값!$L:$L,0))="인문",종합보정값!M$10,종합보정값!N$10)),"") | Q29: =IF(P29="","",P29+종합보정값!N$18)
B31: 연세국제
C32: A | F32: B | I32: C | L32: D | O32: E
B33: 학과유형 | C33: 소신 | D33: 적정 | E33: 안정 | F33: 소신 | G33: 적정 | H33: 안정 | I33: 소신 | J33: 적정 | K33: 안정 | L33: 소신 | M33: 적정 | N33: 안정 | O33: 소신 | P33: 적정 | Q33: 안정
B34: =B$31&"인문1" -> 연세국제인문1 | C34: =IF(D34="","",D34+종합보정값!R$14) -> 3.3 | D34: =IFERROR(IF(INDEX(종합보정값!$R:$R,MATCH(SUBSTITUTE($B34,"인문1","인문2"),종합보정값!$Q:$Q,0))="","",INDEX(종합보정값!$R:$R,MATCH(SUBSTITUTE($B34,"인문1","인문2"),종합보정값!$Q:$Q,0))+종합보정값!R$6-종합보정값!R$35),"") -> 2.9 | E34: =IF(D34="","",D34+종합보정값!S$14) -> 2.6 | F34: =IF(G34="","",G34+종합보정값!R$15) -> 2.03 | G34: =IFERROR(IF(INDEX(종합보정값!$R:$R,MATCH(SUBSTITUTE($B34,"인문1","인문2"),종합보정값!$Q:$Q,0))="","",INDEX(종합보정값!$R:$R,MATCH(SUBSTITUTE($B34,"인문1","인문2"),종합보정값!$Q:$Q,0))+종합보정값!R$7-종합보정값!R$36),"") -> 1.83 | H34: =IF(G34="","",G34+종합보정값!S$15) -> 1.68 | I34: =IF(J34="","",J34+종합보정값!R$16) -> 1.42 | J34: =IFERROR(IF(INDEX(종합보정값!$R:$R,MATCH(SUBSTITUTE($B34,"인문1","인문2"),종합보정값!$Q:$Q,0))="","",INDEX(종합보정값!$R:$R,MATCH(SUBSTITUTE($B34,"인문1","인문2"),종합보정값!$Q:$Q,0))+종합보정값!R$8-종합보정값!R$37),"") -> 1.35 | K34: =IF(J34="","",J34+종합보정값!S$16) -> 1.28 | L34: =IF(M34="","",M34+종합보정값!R$17) -> 1.2 | M34: =IFERROR(IF(INDEX(종합보정값!$R:$R,MATCH(SUBSTITUTE($B34,"인문1","인문2"),종합보정값!$Q:$Q,0))="","",INDEX(종합보정값!$R:$R,MATCH(SUBSTITUTE($B34,"인문1","인문2"),종합보정값!$Q:$Q,0))+종합보정값!R$9-종합보정값!R$38),"") -> 1.15 | N34: =IF(M34="","",M34+종합보정값!S$17) -> 1.1 | O34: =IF(P34="","",P34+종합보정값!R$18) -> 1.2 | P34: =IFERROR(IF(INDEX(종합보정값!$R:$R,MATCH(SUBSTITUTE($B34,"인문1","인문2"),종합보정값!$Q:$Q,0))="","",INDEX(종합보정값!$R:$R,MATCH(SUBSTITUTE($B34,"인문1","인문2"),종합보정값!$Q:$Q,0))+종합보정값!R$10-종합보정값!R$39),"") -> 1.15 | Q34: =IF(P34="","",P34+종합보정값!S$18) -> 1.1
B35: =B$31&"인문2" -> 연세국제인문2 | C35: =IF(D35="","",D35+종합보정값!R$14) -> 3.4 | D35: =IFERROR(IF(INDEX(종합보정값!$R:$R,MATCH($B35,종합보정값!$Q:$Q,0))="","",INDEX(종합보정값!$R:$R,MATCH($B35,종합보정값!$Q:$Q,0))+IF(INDEX(종합보정값!$T:$T,MATCH($B35,종합보정값!$Q:$Q,0))="인문",종합보정값!R$6,종합보정값!S$6)),"") -> 3 | E35: =IF(D35="","",D35+종합보정값!S$14) -> 2.7 | F35: =IF(G35="","",G35+종합보정값!R$15) -> 2.1 | G35: =IFERROR(IF(INDEX(종합보정값!$R:$R,MATCH($B35,종합보정값!$Q:$Q,0))="","",INDEX(종합보정값!$R:$R,MATCH($B35,종합보정값!$Q:$Q,0))+IF(INDEX(종합보정값!$T:$T,MATCH($B35,종합보정값!$Q:$Q,0))="인문",종합보정값!R$7,종합보정값!S$7)),"") -> 1.9 | H35: =IF(G35="","",G35+종합보정값!S$15) -> 1.75 | I35: =IF(J35="","",J35+종합보정값!R$16) -> 1.47 | J35: =IFERROR(IF(INDEX(종합보정값!$R:$R,MATCH($B35,종합보정값!$Q:$Q,0))="","",INDEX(종합보정값!$R:$R,MATCH($B35,종합보정값!$Q:$Q,0))+IF(INDEX(종합보정값!$T:$T,MATCH($B35,종합보정값!$Q:$Q,0))="인문",종합보정값!R$8,종합보정값!S$8)),"") -> 1.4 | K35: =IF(J35="","",J35+종합보정값!S$16) -> 1.33 | L35: =IF(M35="","",M35+종합보정값!R$17) -> 1.25 | M35: =IFERROR(IF(INDEX(종합보정값!$R:$R,MATCH($B35,종합보정값!$Q:$Q,0))="","",INDEX(종합보정값!$R:$R,MATCH($B35,종합보정값!$Q:$Q,0))+IF(INDEX(종합보정값!$T:$T,MATCH($B35,종합보정값!$Q:$Q,0))="인문",종합보정값!R$9,종합보정값!S$9)),"") -> 1.2 | N35: =IF(M35="","",M35+종합보정값!S$17) -> 1.15 | O35: =IF(P35="","",P35+종합보정값!R$18) -> 1.25 | P35: =IFERROR(IF(INDEX(종합보정값!$R:$R,MATCH($B35,종합보정값!$Q:$Q,0))="","",INDEX(종합보정값!$R:$R,MATCH($B35,종합보정값!$Q:$Q,0))+IF(INDEX(종합보정값!$T:$T,MATCH($B35,종합보정값!$Q:$Q,0))="인문",종합보정값!R$10,종합보정값!S$10)),"") -> 1.2 | Q35: =IF(P35="","",P35+종합보정값!S$18) -> 1.15
B36: =B$31&"인문3" -> 연세국제인문3 | C36: =IF(D36="","",D36+종합보정값!R$14) -> 3.5 | D36: =IFERROR(IF(INDEX(종합보정값!$R:$R,MATCH(SUBSTITUTE($B36,"인문3","인문2"),종합보정값!$Q:$Q,0))="","",INDEX(종합보정값!$R:$R,MATCH(SUBSTITUTE($B36,"인문3","인문2"),종합보정값!$Q:$Q,0))+종합보정값!R$6+종합보정값!R$35),"") -> 3.1 | E36: =IF(D36="","",D36+종합보정값!S$14) -> 2.8 | F36: =IF(G36="","",G36+종합보정값!R$15) -> 2.17 | G36: =IFERROR(IF(INDEX(종합보정값!$R:$R,MATCH(SUBSTITUTE($B36,"인문3","인문2"),종합보정값!$Q:$Q,0))="","",INDEX(종합보정값!$R:$R,MATCH(SUBSTITUTE($B36,"인문3","인문2"),종합보정값!$Q:$Q,0))+종합보정값!R$7+종합보정값!R$36),"") -> 1.97 | H36: =IF(G36="","",G36+종합보정값!S$15) -> 1.82 | I36: =IF(J36="","",J36+종합보정값!R$16) -> 1.52 | J36: =IFERROR(IF(INDEX(종합보정값!$R:$R,MATCH(SUBSTITUTE($B36,"인문3","인문2"),종합보정값!$Q:$Q,0))="","",INDEX(종합보정값!$R:$R,MATCH(SUBSTITUTE($B36,"인문3","인문2"),종합보정값!$Q:$Q,0))+종합보정값!R$8+종합보정값!R$37),"") -> 1.45 | K36: =IF(J36="","",J36+종합보정값!S$16) -> 1.38 | L36: =IF(M36="","",M36+종합보정값!R$17) -> 1.3 | M36: =IFERROR(IF(INDEX(종합보정값!$R:$R,MATCH(SUBSTITUTE($B36,"인문3","인문2"),종합보정값!$Q:$Q,0))="","",INDEX(종합보정값!$R:$R,MATCH(SUBSTITUTE($B36,"인문3","인문2"),종합보정값!$Q:$Q,0))+종합보정값!R$9+종합보정값!R$38),"") -> 1.25 | N36: =IF(M36="","",M36+종합보정값!S$17) -> 1.2 | O36: =IF(P36="","",P36+종합보정값!R$18) -> 1.3 | P36: =IFERROR(IF(INDEX(종합보정값!$R:$R,MATCH(SUBSTITUTE($B36,"인문3","인문2"),종합보정값!$Q:$Q,0))="","",INDEX(종합보정값!$R:$R,MATCH(SUBSTITUTE($B36,"인문3","인문2"),종합보정값!$Q:$Q,0))+종합보정값!R$10+종합보정값!R$39),"") -> 1.25 | Q36: =IF(P36="","",P36+종합보정값!S$18) -> 1.2
B37: =B$31&"자연1" -> 연세국제자연1 | C37: =IF(D37="","",D37+종합보정값!R$14) -> 3.55 | D37: =IFERROR(IF(INDEX(종합보정값!$R:$R,MATCH(SUBSTITUTE($B37,"자연1","자연2"),종합보정값!$Q:$Q,0))="","",INDEX(종합보정값!$R:$R,MATCH(SUBSTITUTE($B37,"자연1","자연2"),종합보정값!$Q:$Q,0))+종합보정값!S$6-종합보정값!S$35),"") -> 3.15 | E37: =IF(D37="","",D37+종합보정값!S$14) -> 2.85 | F37: =IF(G37="","",G37+종합보정값!R$15) -> 2.35 | G37: =IFERROR(IF(INDEX(종합보정값!$R:$R,MATCH(SUBSTITUTE($B37,"자연1","자연2"),종합보정값!$Q:$Q,0))="","",INDEX(종합보정값!$R:$R,MATCH(SUBSTITUTE($B37,"자연1","자연2"),종합보정값!$Q:$Q,0))+종합보정값!S$7-종합보정값!S$36),"") -> 2.15 | H37: =IF(G37="","",G37+종합보정값!S$15) -> 2 | I37: =IF(J37="","",J37+종합보정값!R$16) -> 1.52 | J37: =IFERROR(IF(INDEX(종합보정값!$R:$R,MATCH(SUBSTITUTE($B37,"자연1","자연2"),종합보정값!$Q:$Q,0))="","",INDEX(종합보정값!$R:$R,MATCH(SUBSTITUTE($B37,"자연1","자연2"),종합보정값!$Q:$Q,0))+종합보정값!S$8-종합보정값!S$37),"") -> 1.45 | K37: =IF(J37="","",J37+종합보정값!S$16) -> 1.38 | L37: =IF(M37="","",M37+종합보정값!R$17) -> 1.3 | M37: =IFERROR(IF(INDEX(종합보정값!$R:$R,MATCH(SUBSTITUTE($B37,"자연1","자연2"),종합보정값!$Q:$Q,0))="","",INDEX(종합보정값!$R:$R,MATCH(SUBSTITUTE($B37,"자연1","자연2"),종합보정값!$Q:$Q,0))+종합보정값!S$9-종합보정값!S$38),"") -> 1.25 | N37: =IF(M37="","",M37+종합보정값!S$17) -> 1.2 | O37: =IF(P37="","",P37+종합보정값!R$18) -> 1.3 | P37: =IFERROR(IF(INDEX(종합보정값!$R:$R,MATCH(SUBSTITUTE($B37,"자연1","자연2"),종합보정값!$Q:$Q,0))="","",INDEX(종합보정값!$R:$R,MATCH(SUBSTITUTE($B37,"자연1","자연2"),종합보정값!$Q:$Q,0))+종합보정값!S$10-종합보정값!S$39),"") -> 1.25 | Q37: =IF(P37="","",P37+종합보정값!S$18) -> 1.2
B38: =B$31&"자연2" -> 연세국제자연2 | C38: =IF(D38="","",D38+종합보정값!R$14) -> 3.65 | D38: =IFERROR(IF(INDEX(종합보정값!$R:$R,MATCH($B38,종합보정값!$Q:$Q,0))="","",INDEX(종합보정값!$R:$R,MATCH($B38,종합보정값!$Q:$Q,0))+IF(INDEX(종합보정값!$T:$T,MATCH($B38,종합보정값!$Q:$Q,0))="인문",종합보정값!R$6,종합보정값!S$6)),"") -> 3.25 | E38: =IF(D38="","",D38+종합보정값!S$14) -> 2.95 | F38: =IF(G38="","",G38+종합보정값!R$15) -> 2.45 | G38: =IFERROR(IF(INDEX(종합보정값!$R:$R,MATCH($B38,종합보정값!$Q:$Q,0))="","",INDEX(종합보정값!$R:$R,MATCH($B38,종합보정값!$Q:$Q,0))+IF(INDEX(종합보정값!$T:$T,MATCH($B38,종합보정값!$Q:$Q,0))="인문",종합보정값!R$7,종합보정값!S$7)),"") -> 2.25 | H38: =IF(G38="","",G38+종합보정값!S$15) -> 2.1 | I38: =IF(J38="","",J38+종합보정값!R$16) -> 1.57 | J38: =IFERROR(IF(INDEX(종합보정값!$R:$R,MATCH($B38,종합보정값!$Q:$Q,0))="","",INDEX(종합보정값!$R:$R,MATCH($B38,종합보정값!$Q:$Q,0))+IF(INDEX(종합보정값!$T:$T,MATCH($B38,종합보정값!$Q:$Q,0))="인문",종합보정값!R$8,종합보정값!S$8)),"") -> 1.5 | K38: =IF(J38="","",J38+종합보정값!S$16) -> 1.43 | L38: =IF(M38="","",M38+종합보정값!R$17) -> 1.35 | M38: =IFERROR(IF(INDEX(종합보정값!$R:$R,MATCH($B38,종합보정값!$Q:$Q,0))="","",INDEX(종합보정값!$R:$R,MATCH($B38,종합보정값!$Q:$Q,0))+IF(INDEX(종합보정값!$T:$T,MATCH($B38,종합보정값!$Q:$Q,0))="인문",종합보정값!R$9,종합보정값!S$9)),"") -> 1.3 | N38: =IF(M38="","",M38+종합보정값!S$17) -> 1.25 | O38: =IF(P38="","",P38+종합보정값!R$18) -> 1.35 | P38: =IFERROR(IF(INDEX(종합보정값!$R:$R,MATCH($B38,종합보정값!$Q:$Q,0))="","",INDEX(종합보정값!$R:$R,MATCH($B38,종합보정값!$Q:$Q,0))+IF(INDEX(종합보정값!$T:$T,MATCH($B38,종합보정값!$Q:$Q,0))="인문",종합보정값!R$10,종합보정값!S$10)),"") -> 1.3 | Q38: =IF(P38="","",P38+종합보정값!S$18) -> 1.25
B39: =B$31&"자연3" -> 연세국제자연3 | C39: =IF(D39="","",D39+종합보정값!R$14) -> 3.75 | D39: =IFERROR(IF(INDEX(종합보정값!$R:$R,MATCH(SUBSTITUTE($B39,"자연3","자연2"),종합보정값!$Q:$Q,0))="","",INDEX(종합보정값!$R:$R,MATCH(SUBSTITUTE($B39,"자연3","자연2"),종합보정값!$Q:$Q,0))+종합보정값!S$6+종합보정값!S$35),"") -> 3.35 | E39: =IF(D39="","",D39+종합보정값!S$14) -> 3.05 | F39: =IF(G39="","",G39+종합보정값!R$15) -> 2.55 | G39: =IFERROR(IF(INDEX(종합보정값!$R:$R,MATCH(SUBSTITUTE($B39,"자연3","자연2"),종합보정값!$Q:$Q,0))="","",INDEX(종합보정값!$R:$R,MATCH(SUBSTITUTE($B39,"자연3","자연2"),종합보정값!$Q:$Q,0))+종합보정값!S$7+종합보정값!S$36),"") -> 2.35 | H39: =IF(G39="","",G39+종합보정값!S$15) -> 2.2 | I39: =IF(J39="","",J39+종합보정값!R$16) -> 1.62 | J39: =IFERROR(IF(INDEX(종합보정값!$R:$R,MATCH(SUBSTITUTE($B39,"자연3","자연2"),종합보정값!$Q:$Q,0))="","",INDEX(종합보정값!$R:$R,MATCH(SUBSTITUTE($B39,"자연3","자연2"),종합보정값!$Q:$Q,0))+종합보정값!S$8+종합보정값!S$37),"") -> 1.55 | K39: =IF(J39="","",J39+종합보정값!S$16) -> 1.48 | L39: =IF(M39="","",M39+종합보정값!R$17) -> 1.4 | M39: =IFERROR(IF(INDEX(종합보정값!$R:$R,MATCH(SUBSTITUTE($B39,"자연3","자연2"),종합보정값!$Q:$Q,0))="","",INDEX(종합보정값!$R:$R,MATCH(SUBSTITUTE($B39,"자연3","자연2"),종합보정값!$Q:$Q,0))+종합보정값!S$9+종합보정값!S$38),"") -> 1.35 | N39: =IF(M39="","",M39+종합보정값!S$17) -> 1.3 | O39: =IF(P39="","",P39+종합보정값!R$18) -> 1.4 | P39: =IFERROR(IF(INDEX(종합보정값!$R:$R,MATCH(SUBSTITUTE($B39,"자연3","자연2"),종합보정값!$Q:$Q,0))="","",INDEX(종합보정값!$R:$R,MATCH(SUBSTITUTE($B39,"자연3","자연2"),종합보정값!$Q:$Q,0))+종합보정값!S$10+종합보정값!S$39),"") -> 1.35 | Q39: =IF(P39="","",P39+종합보정값!S$18) -> 1.3
B40: =B$31&"사범" -> 연세국제사범
B41: =B$31&"자전자연" -> 연세국제자전자연
B42: =B$31&"자전공통" -> 연세국제자전공통
B43: =B$31&"자전인문" -> 연세국제자전인문
B45: 고려학업
C46: A | F46: B | I46: C | L46: D | O46: E
B47: 학과유형 | C47: 소신 | D47: 적정 | E47: 안정 | F47: 소신 | G47: 적정 | H47: 안정 | I47: 소신 | J47: 적정 | K47: 안정 | L47: 소신 | M47: 적정 | N47: 안정 | O47: 소신 | P47: 적정 | Q47: 안정
B48: =B$45&"인문1" -> 고려학업인문1 | C48: =IF(D48="","",D48+종합보정값!W$14) -> 2.75 | D48: =IFERROR(IF(INDEX(종합보정값!$W:$W,MATCH(SUBSTITUTE($B48,"인문1","인문2"),종합보정값!$V:$V,0))="","",INDEX(종합보정값!$W:$W,MATCH(SUBSTITUTE($B48,"인문1","인문2"),종합보정값!$V:$V,0))+종합보정값!W$6-종합보정값!W$35),"") -> 2.35 | E48: =IF(D48="","",D48+종합보정값!X$14) -> 2.05 | F48: =IF(G48="","",G48+종합보정값!W$15) -> 2.08 | G48: =IFERROR(IF(INDEX(종합보정값!$W:$W,MATCH(SUBSTITUTE($B48,"인문1","인문2"),종합보정값!$V:$V,0))="","",INDEX(종합보정값!$W:$W,MATCH(SUBSTITUTE($B48,"인문1","인문2"),종합보정값!$V:$V,0))+종합보정값!W$7-종합보정값!W$36),"") -> 1.88 | H48: =IF(G48="","",G48+종합보정값!X$15) -> 1.73 | I48: =IF(J48="","",J48+종합보정값!W$16) -> 1.47 | J48: =IFERROR(IF(INDEX(종합보정값!$W:$W,MATCH(SUBSTITUTE($B48,"인문1","인문2"),종합보정값!$V:$V,0))="","",INDEX(종합보정값!$W:$W,MATCH(SUBSTITUTE($B48,"인문1","인문2"),종합보정값!$V:$V,0))+종합보정값!W$8-종합보정값!W$37),"") -> 1.4 | K48: =IF(J48="","",J48+종합보정값!X$16) -> 1.33 | L48: =IF(M48="","",M48+종합보정값!W$17) -> 1.35 | M48: =IFERROR(IF(INDEX(종합보정값!$W:$W,MATCH(SUBSTITUTE($B48,"인문1","인문2"),종합보정값!$V:$V,0))="","",INDEX(종합보정값!$W:$W,MATCH(SUBSTITUTE($B48,"인문1","인문2"),종합보정값!$V:$V,0))+종합보정값!W$9-종합보정값!W$38),"") -> 1.3 | N48: =IF(M48="","",M48+종합보정값!X$17) -> 1.25 | O48: =IF(P48="","",P48+종합보정값!W$18) -> 1.35 | P48: =IFERROR(IF(INDEX(종합보정값!$W:$W,MATCH(SUBSTITUTE($B48,"인문1","인문2"),종합보정값!$V:$V,0))="","",INDEX(종합보정값!$W:$W,MATCH(SUBSTITUTE($B48,"인문1","인문2"),종합보정값!$V:$V,0))+종합보정값!W$10-종합보정값!W$39),"") -> 1.3 | Q48: =IF(P48="","",P48+종합보정값!X$18) -> 1.25
B49: =B$45&"인문2" -> 고려학업인문2 | C49: =IF(D49="","",D49+종합보정값!W$14) -> 2.85 | D49: =IFERROR(IF(INDEX(종합보정값!$W:$W,MATCH($B49,종합보정값!$V:$V,0))="","",INDEX(종합보정값!$W:$W,MATCH($B49,종합보정값!$V:$V,0))+IF(INDEX(종합보정값!$Y:$Y,MATCH($B49,종합보정값!$V:$V,0))="인문",종합보정값!W$6,종합보정값!X$6)),"") -> 2.45 | E49: =IF(D49="","",D49+종합보정값!X$14) -> 2.15 | F49: =IF(G49="","",G49+종합보정값!W$15) -> 2.15 | G49: =IFERROR(IF(INDEX(종합보정값!$W:$W,MATCH($B49,종합보정값!$V:$V,0))="","",INDEX(종합보정값!$W:$W,MATCH($B49,종합보정값!$V:$V,0))+IF(INDEX(종합보정값!$Y:$Y,MATCH($B49,종합보정값!$V:$V,0))="인문",종합보정값!W$7,종합보정값!X$7)),"") -> 1.95 | H49: =IF(G49="","",G49+종합보정값!X$15) -> 1.8 | I49: =IF(J49="","",J49+종합보정값!W$16) -> 1.52 | J49: =IFERROR(IF(INDEX(종합보정값!$W:$W,MATCH($B49,종합보정값!$V:$V,0))="","",INDEX(종합보정값!$W:$W,MATCH($B49,종합보정값!$V:$V,0))+IF(INDEX(종합보정값!$Y:$Y,MATCH($B49,종합보정값!$V:$V,0))="인문",종합보정값!W$8,종합보정값!X$8)),"") -> 1.45 | K49: =IF(J49="","",J49+종합보정값!X$16) -> 1.38 | L49: =IF(M49="","",M49+종합보정값!W$17) -> 1.4 | M49: =IFERROR(IF(INDEX(종합보정값!$W:$W,MATCH($B49,종합보정값!$V:$V,0))="","",INDEX(종합보정값!$W:$W,MATCH($B49,종합보정값!$V:$V,0))+IF(INDEX(종합보정값!$Y:$Y,MATCH($B49,종합보정값!$V:$V,0))="인문",종합보정값!W$9,종합보정값!X$9)),"") -> 1.35 | N49: =IF(M49="","",M49+종합보정값!X$17) -> 1.3 | O49: =IF(P49="","",P49+종합보정값!W$18) -> 1.4 | P49: =IFERROR(IF(INDEX(종합보정값!$W:$W,MATCH($B49,종합보정값!$V:$V,0))="","",INDEX(종합보정값!$W:$W,MATCH($B49,종합보정값!$V:$V,0))+IF(INDEX(종합보정값!$Y:$Y,MATCH($B49,종합보정값!$V:$V,0))="인문",종합보정값!W$10,종합보정값!X$10)),"") -> 1.35 | Q49: =IF(P49="","",P49+종합보정값!X$18) -> 1.3
B50: =B$45&"인문3" -> 고려학업인문3 | C50: =IF(D50="","",D50+종합보정값!W$14) -> 2.95 | D50: =IFERROR(IF(INDEX(종합보정값!$W:$W,MATCH(SUBSTITUTE($B50,"인문3","인문2"),종합보정값!$V:$V,0))="","",INDEX(종합보정값!$W:$W,MATCH(SUBSTITUTE($B50,"인문3","인문2"),종합보정값!$V:$V,0))+종합보정값!W$6+종합보정값!W$35),"") -> 2.55 | E50: =IF(D50="","",D50+종합보정값!X$14) -> 2.25 | F50: =IF(G50="","",G50+종합보정값!W$15) -> 2.22 | G50: =IFERROR(IF(INDEX(종합보정값!$W:$W,MATCH(SUBSTITUTE($B50,"인문3","인문2"),종합보정값!$V:$V,0))="","",INDEX(종합보정값!$W:$W,MATCH(SUBSTITUTE($B50,"인문3","인문2"),종합보정값!$V:$V,0))+종합보정값!W$7+종합보정값!W$36),"") -> 2.02 | H50: =IF(G50="","",G50+종합보정값!X$15) -> 1.87 | I50: =IF(J50="","",J50+종합보정값!W$16) -> 1.57 | J50: =IFERROR(IF(INDEX(종합보정값!$W:$W,MATCH(SUBSTITUTE($B50,"인문3","인문2"),종합보정값!$V:$V,0))="","",INDEX(종합보정값!$W:$W,MATCH(SUBSTITUTE($B50,"인문3","인문2"),종합보정값!$V:$V,0))+종합보정값!W$8+종합보정값!W$37),"") -> 1.5 | K50: =IF(J50="","",J50+종합보정값!X$16) -> 1.43 | L50: =IF(M50="","",M50+종합보정값!W$17) -> 1.45 | M50: =IFERROR(IF(INDEX(종합보정값!$W:$W,MATCH(SUBSTITUTE($B50,"인문3","인문2"),종합보정값!$V:$V,0))="","",INDEX(종합보정값!$W:$W,MATCH(SUBSTITUTE($B50,"인문3","인문2"),종합보정값!$V:$V,0))+종합보정값!W$9+종합보정값!W$38),"") -> 1.4 | N50: =IF(M50="","",M50+종합보정값!X$17) -> 1.35 | O50: =IF(P50="","",P50+종합보정값!W$18) -> 1.45 | P50: =IFERROR(IF(INDEX(종합보정값!$W:$W,MATCH(SUBSTITUTE($B50,"인문3","인문2"),종합보정값!$V:$V,0))="","",INDEX(종합보정값!$W:$W,MATCH(SUBSTITUTE($B50,"인문3","인문2"),종합보정값!$V:$V,0))+종합보정값!W$10+종합보정값!W$39),"") -> 1.4 | Q50: =IF(P50="","",P50+종합보정값!X$18) -> 1.35
B51: =B$45&"자연1" -> 고려학업자연1 | C51: =IF(D51="","",D51+종합보정값!W$14) -> 2.85 | D51: =IFERROR(IF(INDEX(종합보정값!$W:$W,MATCH(SUBSTITUTE($B51,"자연1","자연2"),종합보정값!$V:$V,0))="","",INDEX(종합보정값!$W:$W,MATCH(SUBSTITUTE($B51,"자연1","자연2"),종합보정값!$V:$V,0))+종합보정값!X$6-종합보정값!X$35),"") -> 2.45 | E51: =IF(D51="","",D51+종합보정값!X$14) -> 2.15 | F51: =IF(G51="","",G51+종합보정값!W$15) -> 2.4 | G51: =IFERROR(IF(INDEX(종합보정값!$W:$W,MATCH(SUBSTITUTE($B51,"자연1","자연2"),종합보정값!$V:$V,0))="","",INDEX(종합보정값!$W:$W,MATCH(SUBSTITUTE($B51,"자연1","자연2"),종합보정값!$V:$V,0))+종합보정값!X$7-종합보정값!X$36),"") -> 2.2 | H51: =IF(G51="","",G51+종합보정값!X$15) -> 2.05 | I51: =IF(J51="","",J51+종합보정값!W$16) -> 1.57 | J51: =IFERROR(IF(INDEX(종합보정값!$W:$W,MATCH(SUBSTITUTE($B51,"자연1","자연2"),종합보정값!$V:$V,0))="","",INDEX(종합보정값!$W:$W,MATCH(SUBSTITUTE($B51,"자연1","자연2"),종합보정값!$V:$V,0))+종합보정값!X$8-종합보정값!X$37),"") -> 1.5 | K51: =IF(J51="","",J51+종합보정값!X$16) -> 1.43 | L51: =IF(M51="","",M51+종합보정값!W$17) -> 1.45 | M51: =IFERROR(IF(INDEX(종합보정값!$W:$W,MATCH(SUBSTITUTE($B51,"자연1","자연2"),종합보정값!$V:$V,0))="","",INDEX(종합보정값!$W:$W,MATCH(SUBSTITUTE($B51,"자연1","자연2"),종합보정값!$V:$V,0))+종합보정값!X$9-종합보정값!X$38),"") -> 1.4 | N51: =IF(M51="","",M51+종합보정값!X$17) -> 1.35 | O51: =IF(P51="","",P51+종합보정값!W$18) -> 1.45 | P51: =IFERROR(IF(INDEX(종합보정값!$W:$W,MATCH(SUBSTITUTE($B51,"자연1","자연2"),종합보정값!$V:$V,0))="","",INDEX(종합보정값!$W:$W,MATCH(SUBSTITUTE($B51,"자연1","자연2"),종합보정값!$V:$V,0))+종합보정값!X$10-종합보정값!X$39),"") -> 1.4 | Q51: =IF(P51="","",P51+종합보정값!X$18) -> 1.35
B52: =B$45&"자연2" -> 고려학업자연2 | C52: =IF(D52="","",D52+종합보정값!W$14) -> 2.95 | D52: =IFERROR(IF(INDEX(종합보정값!$W:$W,MATCH($B52,종합보정값!$V:$V,0))="","",INDEX(종합보정값!$W:$W,MATCH($B52,종합보정값!$V:$V,0))+IF(INDEX(종합보정값!$Y:$Y,MATCH($B52,종합보정값!$V:$V,0))="인문",종합보정값!W$6,종합보정값!X$6)),"") -> 2.55 | E52: =IF(D52="","",D52+종합보정값!X$14) -> 2.25 | F52: =IF(G52="","",G52+종합보정값!W$15) -> 2.5 | G52: =IFERROR(IF(INDEX(종합보정값!$W:$W,MATCH($B52,종합보정값!$V:$V,0))="","",INDEX(종합보정값!$W:$W,MATCH($B52,종합보정값!$V:$V,0))+IF(INDEX(종합보정값!$Y:$Y,MATCH($B52,종합보정값!$V:$V,0))="인문",종합보정값!W$7,종합보정값!X$7)),"") -> 2.3 | H52: =IF(G52="","",G52+종합보정값!X$15) -> 2.15 | I52: =IF(J52="","",J52+종합보정값!W$16) -> 1.62 | J52: =IFERROR(IF(INDEX(종합보정값!$W:$W,MATCH($B52,종합보정값!$V:$V,0))="","",INDEX(종합보정값!$W:$W,MATCH($B52,종합보정값!$V:$V,0))+IF(INDEX(종합보정값!$Y:$Y,MATCH($B52,종합보정값!$V:$V,0))="인문",종합보정값!W$8,종합보정값!X$8)),"") -> 1.55 | K52: =IF(J52="","",J52+종합보정값!X$16) -> 1.48 | L52: =IF(M52="","",M52+종합보정값!W$17) -> 1.5 | M52: =IFERROR(IF(INDEX(종합보정값!$W:$W,MATCH($B52,종합보정값!$V:$V,0))="","",INDEX(종합보정값!$W:$W,MATCH($B52,종합보정값!$V:$V,0))+IF(INDEX(종합보정값!$Y:$Y,MATCH($B52,종합보정값!$V:$V,0))="인문",종합보정값!W$9,종합보정값!X$9)),"") -> 1.45 | N52: =IF(M52="","",M52+종합보정값!X$17) -> 1.4 | O52: =IF(P52="","",P52+종합보정값!W$18) -> 1.5 | P52: =IFERROR(IF(INDEX(종합보정값!$W:$W,MATCH($B52,종합보정값!$V:$V,0))="","",INDEX(종합보정값!$W:$W,MATCH($B52,종합보정값!$V:$V,0))+IF(INDEX(종합보정값!$Y:$Y,MATCH($B52,종합보정값!$V:$V,0))="인문",종합보정값!W$10,종합보정값!X$10)),"") -> 1.45 | Q52: =IF(P52="","",P52+종합보정값!X$18) -> 1.4
B53: =B$45&"자연3" -> 고려학업자연3 | C53: =IF(D53="","",D53+종합보정값!W$14) -> 3.05 | D53: =IFERROR(IF(INDEX(종합보정값!$W:$W,MATCH(SUBSTITUTE($B53,"자연3","자연2"),종합보정값!$V:$V,0))="","",INDEX(종합보정값!$W:$W,MATCH(SUBSTITUTE($B53,"자연3","자연2"),종합보정값!$V:$V,0))+종합보정값!X$6+종합보정값!X$35),"") -> 2.65 | E53: =IF(D53="","",D53+종합보정값!X$14) -> 2.35 | F53: =IF(G53="","",G53+종합보정값!W$15) -> 2.6 | G53: =IFERROR(IF(INDEX(종합보정값!$W:$W,MATCH(SUBSTITUTE($B53,"자연3","자연2"),종합보정값!$V:$V,0))="","",INDEX(종합보정값!$W:$W,MATCH(SUBSTITUTE($B53,"자연3","자연2"),종합보정값!$V:$V,0))+종합보정값!X$7+종합보정값!X$36),"") -> 2.4 | H53: =IF(G53="","",G53+종합보정값!X$15) -> 2.25 | I53: =IF(J53="","",J53+종합보정값!W$16) -> 1.67 | J53: =IFERROR(IF(INDEX(종합보정값!$W:$W,MATCH(SUBSTITUTE($B53,"자연3","자연2"),종합보정값!$V:$V,0))="","",INDEX(종합보정값!$W:$W,MATCH(SUBSTITUTE($B53,"자연3","자연2"),종합보정값!$V:$V,0))+종합보정값!X$8+종합보정값!X$37),"") -> 1.6 | K53: =IF(J53="","",J53+종합보정값!X$16) -> 1.53 | L53: =IF(M53="","",M53+종합보정값!W$17) -> 1.55 | M53: =IFERROR(IF(INDEX(종합보정값!$W:$W,MATCH(SUBSTITUTE($B53,"자연3","자연2"),종합보정값!$V:$V,0))="","",INDEX(종합보정값!$W:$W,MATCH(SUBSTITUTE($B53,"자연3","자연2"),종합보정값!$V:$V,0))+종합보정값!X$9+종합보정값!X$38),"") -> 1.5 | N53: =IF(M53="","",M53+종합보정값!X$17) -> 1.45 | O53: =IF(P53="","",P53+종합보정값!W$18) -> 1.55 | P53: =IFERROR(IF(INDEX(종합보정값!$W:$W,MATCH(SUBSTITUTE($B53,"자연3","자연2"),종합보정값!$V:$V,0))="","",INDEX(종합보정값!$W:$W,MATCH(SUBSTITUTE($B53,"자연3","자연2"),종합보정값!$V:$V,0))+종합보정값!X$10+종합보정값!X$39),"") -> 1.5 | Q53: =IF(P53="","",P53+종합보정값!X$18) -> 1.45
B54: =B$45&"사범" -> 고려학업사범 | C54: =IF(D54="","",D54+종합보정값!W$14) | D54: =IFERROR(IF(INDEX(종합보정값!$W:$W,MATCH($B54,종합보정값!$V:$V,0))="","",INDEX(종합보정값!$W:$W,MATCH($B54,종합보정값!$V:$V,0))+IF(INDEX(종합보정값!$Y:$Y,MATCH($B54,종합보정값!$V:$V,0))="인문",종합보정값!W$6,종합보정값!X$6)),"") | E54: =IF(D54="","",D54+종합보정값!X$14) | F54: =IF(G54="","",G54+종합보정값!W$15) | G54: =IFERROR(IF(INDEX(종합보정값!$W:$W,MATCH($B54,종합보정값!$V:$V,0))="","",INDEX(종합보정값!$W:$W,MATCH($B54,종합보정값!$V:$V,0))+IF(INDEX(종합보정값!$Y:$Y,MATCH($B54,종합보정값!$V:$V,0))="인문",종합보정값!W$7,종합보정값!X$7)),"") | H54: =IF(G54="","",G54+종합보정값!X$15) | I54: =IF(J54="","",J54+종합보정값!W$16) | J54: =IFERROR(IF(INDEX(종합보정값!$W:$W,MATCH($B54,종합보정값!$V:$V,0))="","",INDEX(종합보정값!$W:$W,MATCH($B54,종합보정값!$V:$V,0))+IF(INDEX(종합보정값!$Y:$Y,MATCH($B54,종합보정값!$V:$V,0))="인문",종합보정값!W$8,종합보정값!X$8)),"") | K54: =IF(J54="","",J54+종합보정값!X$16) | L54: =IF(M54="","",M54+종합보정값!W$17) | M54: =IFERROR(IF(INDEX(종합보정값!$W:$W,MATCH($B54,종합보정값!$V:$V,0))="","",INDEX(종합보정값!$W:$W,MATCH($B54,종합보정값!$V:$V,0))+IF(INDEX(종합보정값!$Y:$Y,MATCH($B54,종합보정값!$V:$V,0))="인문",종합보정값!W$9,종합보정값!X$9)),"") | N54: =IF(M54="","",M54+종합보정값!X$17) | O54: =IF(P54="","",P54+종합보정값!W$18) | P54: =IFERROR(IF(INDEX(종합보정값!$W:$W,MATCH($B54,종합보정값!$V:$V,0))="","",INDEX(종합보정값!$W:$W,MATCH($B54,종합보정값!$V:$V,0))+IF(INDEX(종합보정값!$Y:$Y,MATCH($B54,종합보정값!$V:$V,0))="인문",종합보정값!W$10,종합보정값!X$10)),"") | Q54: =IF(P54="","",P54+종합보정값!X$18)
B55: =B$45&"자전자연" -> 고려학업자전자연
B56: =B$45&"자전공통" -> 고려학업자전공통
B57: =B$45&"자전인문" -> 고려학업자전인문
B59: 고려계열
C60: A | F60: B | I60: C | L60: D | O60: E
B61: 학과유형 | C61: 소신 | D61: 적정 | E61: 안정 | F61: 소신 | G61: 적정 | H61: 안정 | I61: 소신 | J61: 적정 | K61: 안정 | L61: 소신 | M61: 적정 | N61: 안정 | O61: 소신 | P61: 적정 | Q61: 안정
B62: =B$59&"인문1" -> 고려계열인문1 | C62: =IF(D62="","",D62+종합보정값!AB$14) -> 2.95 | D62: =IFERROR(IF(INDEX(종합보정값!$AB:$AB,MATCH(SUBSTITUTE($B62,"인문1","인문2"),종합보정값!$AA:$AA,0))="","",INDEX(종합보정값!$AB:$AB,MATCH(SUBSTITUTE($B62,"인문1","인문2"),종합보정값!$AA:$AA,0))+종합보정값!AB$6-종합보정값!AB$35),"") -> 2.55 | E62: =IF(D62="","",D62+종합보정값!AC$14) -> 2.25 | F62: =IF(G62="","",G62+종합보정값!AB$15) -> 2.28 | G62: =IFERROR(IF(INDEX(종합보정값!$AB:$AB,MATCH(SUBSTITUTE($B62,"인문1","인문2"),종합보정값!$AA:$AA,0))="","",INDEX(종합보정값!$AB:$AB,MATCH(SUBSTITUTE($B62,"인문1","인문2"),종합보정값!$AA:$AA,0))+종합보정값!AB$7-종합보정값!AB$36),"") -> 2.08 | H62: =IF(G62="","",G62+종합보정값!AC$15) -> 1.93 | I62: =IF(J62="","",J62+종합보정값!AB$16) -> 1.42 | J62: =IFERROR(IF(INDEX(종합보정값!$AB:$AB,MATCH(SUBSTITUTE($B62,"인문1","인문2"),종합보정값!$AA:$AA,0))="","",INDEX(종합보정값!$AB:$AB,MATCH(SUBSTITUTE($B62,"인문1","인문2"),종합보정값!$AA:$AA,0))+종합보정값!AB$8-종합보정값!AB$37),"") -> 1.35 | K62: =IF(J62="","",J62+종합보정값!AC$16) -> 1.28 | L62: =IF(M62="","",M62+종합보정값!AB$17) -> 1.3 | M62: =IFERROR(IF(INDEX(종합보정값!$AB:$AB,MATCH(SUBSTITUTE($B62,"인문1","인문2"),종합보정값!$AA:$AA,0))="","",INDEX(종합보정값!$AB:$AB,MATCH(SUBSTITUTE($B62,"인문1","인문2"),종합보정값!$AA:$AA,0))+종합보정값!AB$9-종합보정값!AB$38),"") -> 1.25 | N62: =IF(M62="","",M62+종합보정값!AC$17) -> 1.2 | O62: =IF(P62="","",P62+종합보정값!AB$18) -> 1.3 | P62: =IFERROR(IF(INDEX(종합보정값!$AB:$AB,MATCH(SUBSTITUTE($B62,"인문1","인문2"),종합보정값!$AA:$AA,0))="","",INDEX(종합보정값!$AB:$AB,MATCH(SUBSTITUTE($B62,"인문1","인문2"),종합보정값!$AA:$AA,0))+종합보정값!AB$10-종합보정값!AB$39),"") -> 1.25 | Q62: =IF(P62="","",P62+종합보정값!AC$18) -> 1.2
B63: =B$59&"인문2" -> 고려계열인문2 | C63: =IF(D63="","",D63+종합보정값!AB$14) -> 3.05 | D63: =IFERROR(IF(INDEX(종합보정값!$AB:$AB,MATCH($B63,종합보정값!$AA:$AA,0))="","",INDEX(종합보정값!$AB:$AB,MATCH($B63,종합보정값!$AA:$AA,0))+IF(INDEX(종합보정값!$AD:$AD,MATCH($B63,종합보정값!$AA:$AA,0))="인문",종합보정값!AB$6,종합보정값!AC$6)),"") -> 2.65 | E63: =IF(D63="","",D63+종합보정값!AC$14) -> 2.35 | F63: =IF(G63="","",G63+종합보정값!AB$15) -> 2.35 | G63: =IFERROR(IF(INDEX(종합보정값!$AB:$AB,MATCH($B63,종합보정값!$AA:$AA,0))="","",INDEX(종합보정값!$AB:$AB,MATCH($B63,종합보정값!$AA:$AA,0))+IF(INDEX(종합보정값!$AD:$AD,MATCH($B63,종합보정값!$AA:$AA,0))="인문",종합보정값!AB$7,종합보정값!AC$7)),"") -> 2.15 | H63: =IF(G63="","",G63+종합보정값!AC$15) -> 2 | I63: =IF(J63="","",J63+종합보정값!AB$16) -> 1.47 | J63: =IFERROR(IF(INDEX(종합보정값!$AB:$AB,MATCH($B63,종합보정값!$AA:$AA,0))="","",INDEX(종합보정값!$AB:$AB,MATCH($B63,종합보정값!$AA:$AA,0))+IF(INDEX(종합보정값!$AD:$AD,MATCH($B63,종합보정값!$AA:$AA,0))="인문",종합보정값!AB$8,종합보정값!AC$8)),"") -> 1.4 | K63: =IF(J63="","",J63+종합보정값!AC$16) -> 1.33 | L63: =IF(M63="","",M63+종합보정값!AB$17) -> 1.35 | M63: =IFERROR(IF(INDEX(종합보정값!$AB:$AB,MATCH($B63,종합보정값!$AA:$AA,0))="","",INDEX(종합보정값!$AB:$AB,MATCH($B63,종합보정값!$AA:$AA,0))+IF(INDEX(종합보정값!$AD:$AD,MATCH($B63,종합보정값!$AA:$AA,0))="인문",종합보정값!AB$9,종합보정값!AC$9)),"") -> 1.3 | N63: =IF(M63="","",M63+종합보정값!AC$17) -> 1.25 | O63: =IF(P63="","",P63+종합보정값!AB$18) -> 1.35 | P63: =IFERROR(IF(INDEX(종합보정값!$AB:$AB,MATCH($B63,종합보정값!$AA:$AA,0))="","",INDEX(종합보정값!$AB:$AB,MATCH($B63,종합보정값!$AA:$AA,0))+IF(INDEX(종합보정값!$AD:$AD,MATCH($B63,종합보정값!$AA:$AA,0))="인문",종합보정값!AB$10,종합보정값!AC$10)),"") -> 1.3 | Q63: =IF(P63="","",P63+종합보정값!AC$18) -> 1.25
B64: =B$59&"인문3" -> 고려계열인문3 | C64: =IF(D64="","",D64+종합보정값!AB$14) -> 3.15 | D64: =IFERROR(IF(INDEX(종합보정값!$AB:$AB,MATCH(SUBSTITUTE($B64,"인문3","인문2"),종합보정값!$AA:$AA,0))="","",INDEX(종합보정값!$AB:$AB,MATCH(SUBSTITUTE($B64,"인문3","인문2"),종합보정값!$AA:$AA,0))+종합보정값!AB$6+종합보정값!AB$35),"") -> 2.75 | E64: =IF(D64="","",D64+종합보정값!AC$14) -> 2.45 | F64: =IF(G64="","",G64+종합보정값!AB$15) -> 2.42 | G64: =IFERROR(IF(INDEX(종합보정값!$AB:$AB,MATCH(SUBSTITUTE($B64,"인문3","인문2"),종합보정값!$AA:$AA,0))="","",INDEX(종합보정값!$AB:$AB,MATCH(SUBSTITUTE($B64,"인문3","인문2"),종합보정값!$AA:$AA,0))+종합보정값!AB$7+종합보정값!AB$36),"") -> 2.22 | H64: =IF(G64="","",G64+종합보정값!AC$15) -> 2.07 | I64: =IF(J64="","",J64+종합보정값!AB$16) -> 1.52 | J64: =IFERROR(IF(INDEX(종합보정값!$AB:$AB,MATCH(SUBSTITUTE($B64,"인문3","인문2"),종합보정값!$AA:$AA,0))="","",INDEX(종합보정값!$AB:$AB,MATCH(SUBSTITUTE($B64,"인문3","인문2"),종합보정값!$AA:$AA,0))+종합보정값!AB$8+종합보정값!AB$37),"") -> 1.45 | K64: =IF(J64="","",J64+종합보정값!AC$16) -> 1.38 | L64: =IF(M64="","",M64+종합보정값!AB$17) -> 1.4 | M64: =IFERROR(IF(INDEX(종합보정값!$AB:$AB,MATCH(SUBSTITUTE($B64,"인문3","인문2"),종합보정값!$AA:$AA,0))="","",INDEX(종합보정값!$AB:$AB,MATCH(SUBSTITUTE($B64,"인문3","인문2"),종합보정값!$AA:$AA,0))+종합보정값!AB$9+종합보정값!AB$38),"") -> 1.35 | N64: =IF(M64="","",M64+종합보정값!AC$17) -> 1.3 | O64: =IF(P64="","",P64+종합보정값!AB$18) -> 1.4 | P64: =IFERROR(IF(INDEX(종합보정값!$AB:$AB,MATCH(SUBSTITUTE($B64,"인문3","인문2"),종합보정값!$AA:$AA,0))="","",INDEX(종합보정값!$AB:$AB,MATCH(SUBSTITUTE($B64,"인문3","인문2"),종합보정값!$AA:$AA,0))+종합보정값!AB$10+종합보정값!AB$39),"") -> 1.35 | Q64: =IF(P64="","",P64+종합보정값!AC$18) -> 1.3
B65: =B$59&"자연1" -> 고려계열자연1 | C65: =IF(D65="","",D65+종합보정값!AB$14) -> 3.8 | D65: =IFERROR(IF(INDEX(종합보정값!$AB:$AB,MATCH(SUBSTITUTE($B65,"자연1","자연2"),종합보정값!$AA:$AA,0))="","",INDEX(종합보정값!$AB:$AB,MATCH(SUBSTITUTE($B65,"자연1","자연2"),종합보정값!$AA:$AA,0))+종합보정값!AC$6-종합보정값!AC$35),"") -> 3.4 | E65: =IF(D65="","",D65+종합보정값!AC$14) -> 3.1 | F65: =IF(G65="","",G65+종합보정값!AB$15) -> 2.6 | G65: =IFERROR(IF(INDEX(종합보정값!$AB:$AB,MATCH(SUBSTITUTE($B65,"자연1","자연2"),종합보정값!$AA:$AA,0))="","",INDEX(종합보정값!$AB:$AB,MATCH(SUBSTITUTE($B65,"자연1","자연2"),종합보정값!$AA:$AA,0))+종합보정값!AC$7-종합보정값!AC$36),"") -> 2.4 | H65: =IF(G65="","",G65+종합보정값!AC$15) -> 2.25 | I65: =IF(J65="","",J65+종합보정값!AB$16) -> 1.52 | J65: =IFERROR(IF(INDEX(종합보정값!$AB:$AB,MATCH(SUBSTITUTE($B65,"자연1","자연2"),종합보정값!$AA:$AA,0))="","",INDEX(종합보정값!$AB:$AB,MATCH(SUBSTITUTE($B65,"자연1","자연2"),종합보정값!$AA:$AA,0))+종합보정값!AC$8-종합보정값!AC$37),"") -> 1.45 | K65: =IF(J65="","",J65+종합보정값!AC$16) -> 1.38 | L65: =IF(M65="","",M65+종합보정값!AB$17) -> 1.4 | M65: =IFERROR(IF(INDEX(종합보정값!$AB:$AB,MATCH(SUBSTITUTE($B65,"자연1","자연2"),종합보정값!$AA:$AA,0))="","",INDEX(종합보정값!$AB:$AB,MATCH(SUBSTITUTE($B65,"자연1","자연2"),종합보정값!$AA:$AA,0))+종합보정값!AC$9-종합보정값!AC$38),"") -> 1.35 | N65: =IF(M65="","",M65+종합보정값!AC$17) -> 1.3 | O65: =IF(P65="","",P65+종합보정값!AB$18) -> 1.4 | P65: =IFERROR(IF(INDEX(종합보정값!$AB:$AB,MATCH(SUBSTITUTE($B65,"자연1","자연2"),종합보정값!$AA:$AA,0))="","",INDEX(종합보정값!$AB:$AB,MATCH(SUBSTITUTE($B65,"자연1","자연2"),종합보정값!$AA:$AA,0))+종합보정값!AC$10-종합보정값!AC$39),"") -> 1.35 | Q65: =IF(P65="","",P65+종합보정값!AC$18) -> 1.3
B66: =B$59&"자연2" -> 고려계열자연2 | C66: =IF(D66="","",D66+종합보정값!AB$14) -> 3.9 | D66: =IFERROR(IF(INDEX(종합보정값!$AB:$AB,MATCH($B66,종합보정값!$AA:$AA,0))="","",INDEX(종합보정값!$AB:$AB,MATCH($B66,종합보정값!$AA:$AA,0))+IF(INDEX(종합보정값!$AD:$AD,MATCH($B66,종합보정값!$AA:$AA,0))="인문",종합보정값!AB$6,종합보정값!AC$6)),"") -> 3.5 | E66: =IF(D66="","",D66+종합보정값!AC$14) -> 3.2 | F66: =IF(G66="","",G66+종합보정값!AB$15) -> 2.7 | G66: =IFERROR(IF(INDEX(종합보정값!$AB:$AB,MATCH($B66,종합보정값!$AA:$AA,0))="","",INDEX(종합보정값!$AB:$AB,MATCH($B66,종합보정값!$AA:$AA,0))+IF(INDEX(종합보정값!$AD:$AD,MATCH($B66,종합보정값!$AA:$AA,0))="인문",종합보정값!AB$7,종합보정값!AC$7)),"") -> 2.5 | H66: =IF(G66="","",G66+종합보정값!AC$15) -> 2.35 | I66: =IF(J66="","",J66+종합보정값!AB$16) -> 1.57 | J66: =IFERROR(IF(INDEX(종합보정값!$AB:$AB,MATCH($B66,종합보정값!$AA:$AA,0))="","",INDEX(종합보정값!$AB:$AB,MATCH($B66,종합보정값!$AA:$AA,0))+IF(INDEX(종합보정값!$AD:$AD,MATCH($B66,종합보정값!$AA:$AA,0))="인문",종합보정값!AB$8,종합보정값!AC$8)),"") -> 1.5 | K66: =IF(J66="","",J66+종합보정값!AC$16) -> 1.43 | L66: =IF(M66="","",M66+종합보정값!AB$17) -> 1.45 | M66: =IFERROR(IF(INDEX(종합보정값!$AB:$AB,MATCH($B66,종합보정값!$AA:$AA,0))="","",INDEX(종합보정값!$AB:$AB,MATCH($B66,종합보정값!$AA:$AA,0))+IF(INDEX(종합보정값!$AD:$AD,MATCH($B66,종합보정값!$AA:$AA,0))="인문",종합보정값!AB$9,종합보정값!AC$9)),"") -> 1.4 | N66: =IF(M66="","",M66+종합보정값!AC$17) -> 1.35 | O66: =IF(P66="","",P66+종합보정값!AB$18) -> 1.45 | P66: =IFERROR(IF(INDEX(종합보정값!$AB:$AB,MATCH($B66,종합보정값!$AA:$AA,0))="","",INDEX(종합보정값!$AB:$AB,MATCH($B66,종합보정값!$AA:$AA,0))+IF(INDEX(종합보정값!$AD:$AD,MATCH($B66,종합보정값!$AA:$AA,0))="인문",종합보정값!AB$10,종합보정값!AC$10)),"") -> 1.4 | Q66: =IF(P66="","",P66+종합보정값!AC$18) -> 1.35
B67: =B$59&"자연3" -> 고려계열자연3 | C67: =IF(D67="","",D67+종합보정값!AB$14) -> 4 | D67: =IFERROR(IF(INDEX(종합보정값!$AB:$AB,MATCH(SUBSTITUTE($B67,"자연3","자연2"),종합보정값!$AA:$AA,0))="","",INDEX(종합보정값!$AB:$AB,MATCH(SUBSTITUTE($B67,"자연3","자연2"),종합보정값!$AA:$AA,0))+종합보정값!AC$6+종합보정값!AC$35),"") -> 3.6 | E67: =IF(D67="","",D67+종합보정값!AC$14) -> 3.3 | F67: =IF(G67="","",G67+종합보정값!AB$15) -> 2.8 | G67: =IFERROR(IF(INDEX(종합보정값!$AB:$AB,MATCH(SUBSTITUTE($B67,"자연3","자연2"),종합보정값!$AA:$AA,0))="","",INDEX(종합보정값!$AB:$AB,MATCH(SUBSTITUTE($B67,"자연3","자연2"),종합보정값!$AA:$AA,0))+종합보정값!AC$7+종합보정값!AC$36),"") -> 2.6 | H67: =IF(G67="","",G67+종합보정값!AC$15) -> 2.45 | I67: =IF(J67="","",J67+종합보정값!AB$16) -> 1.62 | J67: =IFERROR(IF(INDEX(종합보정값!$AB:$AB,MATCH(SUBSTITUTE($B67,"자연3","자연2"),종합보정값!$AA:$AA,0))="","",INDEX(종합보정값!$AB:$AB,MATCH(SUBSTITUTE($B67,"자연3","자연2"),종합보정값!$AA:$AA,0))+종합보정값!AC$8+종합보정값!AC$37),"") -> 1.55 | K67: =IF(J67="","",J67+종합보정값!AC$16) -> 1.48 | L67: =IF(M67="","",M67+종합보정값!AB$17) -> 1.5 | M67: =IFERROR(IF(INDEX(종합보정값!$AB:$AB,MATCH(SUBSTITUTE($B67,"자연3","자연2"),종합보정값!$AA:$AA,0))="","",INDEX(종합보정값!$AB:$AB,MATCH(SUBSTITUTE($B67,"자연3","자연2"),종합보정값!$AA:$AA,0))+종합보정값!AC$9+종합보정값!AC$38),"") -> 1.45 | N67: =IF(M67="","",M67+종합보정값!AC$17) -> 1.4 | O67: =IF(P67="","",P67+종합보정값!AB$18) -> 1.5 | P67: =IFERROR(IF(INDEX(종합보정값!$AB:$AB,MATCH(SUBSTITUTE($B67,"자연3","자연2"),종합보정값!$AA:$AA,0))="","",INDEX(종합보정값!$AB:$AB,MATCH(SUBSTITUTE($B67,"자연3","자연2"),종합보정값!$AA:$AA,0))+종합보정값!AC$10+종합보정값!AC$39),"") -> 1.45 | Q67: =IF(P67="","",P67+종합보정값!AC$18) -> 1.4
B68: =B$59&"사범" -> 고려계열사범 | C68: =IF(D68="","",D68+종합보정값!AB$14) | D68: =IFERROR(IF(INDEX(종합보정값!$AB:$AB,MATCH($B68,종합보정값!$AA:$AA,0))="","",INDEX(종합보정값!$AB:$AB,MATCH($B68,종합보정값!$AA:$AA,0))+IF(INDEX(종합보정값!$AD:$AD,MATCH($B68,종합보정값!$AA:$AA,0))="인문",종합보정값!AB$6,종합보정값!AC$6)),"") | E68: =IF(D68="","",D68+종합보정값!AC$14) | F68: =IF(G68="","",G68+종합보정값!AB$15) | G68: =IFERROR(IF(INDEX(종합보정값!$AB:$AB,MATCH($B68,종합보정값!$AA:$AA,0))="","",INDEX(종합보정값!$AB:$AB,MATCH($B68,종합보정값!$AA:$AA,0))+IF(INDEX(종합보정값!$AD:$AD,MATCH($B68,종합보정값!$AA:$AA,0))="인문",종합보정값!AB$7,종합보정값!AC$7)),"") | H68: =IF(G68="","",G68+종합보정값!AC$15) | I68: =IF(J68="","",J68+종합보정값!AB$16) | J68: =IFERROR(IF(INDEX(종합보정값!$AB:$AB,MATCH($B68,종합보정값!$AA:$AA,0))="","",INDEX(종합보정값!$AB:$AB,MATCH($B68,종합보정값!$AA:$AA,0))+IF(INDEX(종합보정값!$AD:$AD,MATCH($B68,종합보정값!$AA:$AA,0))="인문",종합보정값!AB$8,종합보정값!AC$8)),"") | K68: =IF(J68="","",J68+종합보정값!AC$16) | L68: =IF(M68="","",M68+종합보정값!AB$17) | M68: =IFERROR(IF(INDEX(종합보정값!$AB:$AB,MATCH($B68,종합보정값!$AA:$AA,0))="","",INDEX(종합보정값!$AB:$AB,MATCH($B68,종합보정값!$AA:$AA,0))+IF(INDEX(종합보정값!$AD:$AD,MATCH($B68,종합보정값!$AA:$AA,0))="인문",종합보정값!AB$9,종합보정값!AC$9)),"") | N68: =IF(M68="","",M68+종합보정값!AC$17) | O68: =IF(P68="","",P68+종합보정값!AB$18) | P68: =IFERROR(IF(INDEX(종합보정값!$AB:$AB,MATCH($B68,종합보정값!$AA:$AA,0))="","",INDEX(종합보정값!$AB:$AB,MATCH($B68,종합보정값!$AA:$AA,0))+IF(INDEX(종합보정값!$AD:$AD,MATCH($B68,종합보정값!$AA:$AA,0))="인문",종합보정값!AB$10,종합보정값!AC$10)),"") | Q68: =IF(P68="","",P68+종합보정값!AC$18)
B69: =B$59&"자전자연" -> 고려계열자전자연 | C69: =IF(D69="","",D69+종합보정값!AB$14) | D69: =IFERROR(IF(INDEX(종합보정값!$AB:$AB,MATCH($B69,종합보정값!$AA:$AA,0))="","",INDEX(종합보정값!$AB:$AB,MATCH($B69,종합보정값!$AA:$AA,0))+IF(INDEX(종합보정값!$AD:$AD,MATCH($B69,종합보정값!$AA:$AA,0))="인문",종합보정값!AB$6,종합보정값!AC$6)),"") | E69: =IF(D69="","",D69+종합보정값!AC$14) | F69: =IF(G69="","",G69+종합보정값!AB$15) | G69: =IFERROR(IF(INDEX(종합보정값!$AB:$AB,MATCH($B69,종합보정값!$AA:$AA,0))="","",INDEX(종합보정값!$AB:$AB,MATCH($B69,종합보정값!$AA:$AA,0))+IF(INDEX(종합보정값!$AD:$AD,MATCH($B69,종합보정값!$AA:$AA,0))="인문",종합보정값!AB$7,종합보정값!AC$7)),"") | H69: =IF(G69="","",G69+종합보정값!AC$15) | I69: =IF(J69="","",J69+종합보정값!AB$16) | J69: =IFERROR(IF(INDEX(종합보정값!$AB:$AB,MATCH($B69,종합보정값!$AA:$AA,0))="","",INDEX(종합보정값!$AB:$AB,MATCH($B69,종합보정값!$AA:$AA,0))+IF(INDEX(종합보정값!$AD:$AD,MATCH($B69,종합보정값!$AA:$AA,0))="인문",종합보정값!AB$8,종합보정값!AC$8)),"") | K69: =IF(J69="","",J69+종합보정값!AC$16) | L69: =IF(M69="","",M69+종합보정값!AB$17) | M69: =IFERROR(IF(INDEX(종합보정값!$AB:$AB,MATCH($B69,종합보정값!$AA:$AA,0))="","",INDEX(종합보정값!$AB:$AB,MATCH($B69,종합보정값!$AA:$AA,0))+IF(INDEX(종합보정값!$AD:$AD,MATCH($B69,종합보정값!$AA:$AA,0))="인문",종합보정값!AB$9,종합보정값!AC$9)),"") | N69: =IF(M69="","",M69+종합보정값!AC$17) | O69: =IF(P69="","",P69+종합보정값!AB$18) | P69: =IFERROR(IF(INDEX(종합보정값!$AB:$AB,MATCH($B69,종합보정값!$AA:$AA,0))="","",INDEX(종합보정값!$AB:$AB,MATCH($B69,종합보정값!$AA:$AA,0))+IF(INDEX(종합보정값!$AD:$AD,MATCH($B69,종합보정값!$AA:$AA,0))="인문",종합보정값!AB$10,종합보정값!AC$10)),"") | Q69: =IF(P69="","",P69+종합보정값!AC$18)
B70: =B$59&"자전공통" -> 고려계열자전공통 | C70: =IF(D70="","",D70+종합보정값!AB$14) | D70: =IFERROR(IF(INDEX(종합보정값!$AB:$AB,MATCH($B70,종합보정값!$AA:$AA,0))="","",INDEX(종합보정값!$AB:$AB,MATCH($B70,종합보정값!$AA:$AA,0))+IF(INDEX(종합보정값!$AD:$AD,MATCH($B70,종합보정값!$AA:$AA,0))="인문",종합보정값!AB$6,종합보정값!AC$6)),"") | E70: =IF(D70="","",D70+종합보정값!AC$14) | F70: =IF(G70="","",G70+종합보정값!AB$15) | G70: =IFERROR(IF(INDEX(종합보정값!$AB:$AB,MATCH($B70,종합보정값!$AA:$AA,0))="","",INDEX(종합보정값!$AB:$AB,MATCH($B70,종합보정값!$AA:$AA,0))+IF(INDEX(종합보정값!$AD:$AD,MATCH($B70,종합보정값!$AA:$AA,0))="인문",종합보정값!AB$7,종합보정값!AC$7)),"") | H70: =IF(G70="","",G70+종합보정값!AC$15) | I70: =IF(J70="","",J70+종합보정값!AB$16) | J70: =IFERROR(IF(INDEX(종합보정값!$AB:$AB,MATCH($B70,종합보정값!$AA:$AA,0))="","",INDEX(종합보정값!$AB:$AB,MATCH($B70,종합보정값!$AA:$AA,0))+IF(INDEX(종합보정값!$AD:$AD,MATCH($B70,종합보정값!$AA:$AA,0))="인문",종합보정값!AB$8,종합보정값!AC$8)),"") | K70: =IF(J70="","",J70+종합보정값!AC$16) | L70: =IF(M70="","",M70+종합보정값!AB$17) | M70: =IFERROR(IF(INDEX(종합보정값!$AB:$AB,MATCH($B70,종합보정값!$AA:$AA,0))="","",INDEX(종합보정값!$AB:$AB,MATCH($B70,종합보정값!$AA:$AA,0))+IF(INDEX(종합보정값!$AD:$AD,MATCH($B70,종합보정값!$AA:$AA,0))="인문",종합보정값!AB$9,종합보정값!AC$9)),"") | N70: =IF(M70="","",M70+종합보정값!AC$17) | O70: =IF(P70="","",P70+종합보정값!AB$18) | P70: =IFERROR(IF(INDEX(종합보정값!$AB:$AB,MATCH($B70,종합보정값!$AA:$AA,0))="","",INDEX(종합보정값!$AB:$AB,MATCH($B70,종합보정값!$AA:$AA,0))+IF(INDEX(종합보정값!$AD:$AD,MATCH($B70,종합보정값!$AA:$AA,0))="인문",종합보정값!AB$10,종합보정값!AC$10)),"") | Q70: =IF(P70="","",P70+종합보정값!AC$18)
B71: =B$59&"자전인문" -> 고려계열자전인문 | C71: =IF(D71="","",D71+종합보정값!AB$14) | D71: =IFERROR(IF(INDEX(종합보정값!$AB:$AB,MATCH($B71,종합보정값!$AA:$AA,0))="","",INDEX(종합보정값!$AB:$AB,MATCH($B71,종합보정값!$AA:$AA,0))+IF(INDEX(종합보정값!$AD:$AD,MATCH($B71,종합보정값!$AA:$AA,0))="인문",종합보정값!AB$6,종합보정값!AC$6)),"") | E71: =IF(D71="","",D71+종합보정값!AC$14) | F71: =IF(G71="","",G71+종합보정값!AB$15) | G71: =IFERROR(IF(INDEX(종합보정값!$AB:$AB,MATCH($B71,종합보정값!$AA:$AA,0))="","",INDEX(종합보정값!$AB:$AB,MATCH($B71,종합보정값!$AA:$AA,0))+IF(INDEX(종합보정값!$AD:$AD,MATCH($B71,종합보정값!$AA:$AA,0))="인문",종합보정값!AB$7,종합보정값!AC$7)),"") | H71: =IF(G71="","",G71+종합보정값!AC$15) | I71: =IF(J71="","",J71+종합보정값!AB$16) | J71: =IFERROR(IF(INDEX(종합보정값!$AB:$AB,MATCH($B71,종합보정값!$AA:$AA,0))="","",INDEX(종합보정값!$AB:$AB,MATCH($B71,종합보정값!$AA:$AA,0))+IF(INDEX(종합보정값!$AD:$AD,MATCH($B71,종합보정값!$AA:$AA,0))="인문",종합보정값!AB$8,종합보정값!AC$8)),"") | K71: =IF(J71="","",J71+종합보정값!AC$16) | L71: =IF(M71="","",M71+종합보정값!AB$17) | M71: =IFERROR(IF(INDEX(종합보정값!$AB:$AB,MATCH($B71,종합보정값!$AA:$AA,0))="","",INDEX(종합보정값!$AB:$AB,MATCH($B71,종합보정값!$AA:$AA,0))+IF(INDEX(종합보정값!$AD:$AD,MATCH($B71,종합보정값!$AA:$AA,0))="인문",종합보정값!AB$9,종합보정값!AC$9)),"") | N71: =IF(M71="","",M71+종합보정값!AC$17) | O71: =IF(P71="","",P71+종합보정값!AB$18) | P71: =IFERROR(IF(INDEX(종합보정값!$AB:$AB,MATCH($B71,종합보정값!$AA:$AA,0))="","",INDEX(종합보정값!$AB:$AB,MATCH($B71,종합보정값!$AA:$AA,0))+IF(INDEX(종합보정값!$AD:$AD,MATCH($B71,종합보정값!$AA:$AA,0))="인문",종합보정값!AB$10,종합보정값!AC$10)),"") | Q71: =IF(P71="","",P71+종합보정값!AC$18)
B73: 서강일반1
C74: A | F74: B | I74: C | L74: D | O74: E
B75: 학과유형 | C75: 소신 | D75: 적정 | E75: 안정 | F75: 소신 | G75: 적정 | H75: 안정 | I75: 소신 | J75: 적정 | K75: 안정 | L75: 소신 | M75: 적정 | N75: 안정 | O75: 소신 | P75: 적정 | Q75: 안정
B76: =B$73&"인문1" -> 서강일반1인문1 | C76: =IF(D76="","",D76+종합보정값!AG$14) -> 3.25 | D76: =IFERROR(IF(INDEX(종합보정값!$AG:$AG,MATCH(SUBSTITUTE($B76,"인문1","인문2"),종합보정값!$AF:$AF,0))="","",INDEX(종합보정값!$AG:$AG,MATCH(SUBSTITUTE($B76,"인문1","인문2"),종합보정값!$AF:$AF,0))+종합보정값!AG$6-종합보정값!AG$35),"") -> 2.85 | E76: =IF(D76="","",D76+종합보정값!AH$14) -> 2.55 | F76: =IF(G76="","",G76+종합보정값!AG$15) -> 2.5 | G76: =IFERROR(IF(INDEX(종합보정값!$AG:$AG,MATCH(SUBSTITUTE($B76,"인문1","인문2"),종합보정값!$AF:$AF,0))="","",INDEX(종합보정값!$AG:$AG,MATCH(SUBSTITUTE($B76,"인문1","인문2"),종합보정값!$AF:$AF,0))+종합보정값!AG$7-종합보정값!AG$36),"") -> 2.3 | H76: =IF(G76="","",G76+종합보정값!AH$15) -> 2.15 | I76: =IF(J76="","",J76+종합보정값!AG$16) -> 1.45 | J76: =IFERROR(IF(INDEX(종합보정값!$AG:$AG,MATCH(SUBSTITUTE($B76,"인문1","인문2"),종합보정값!$AF:$AF,0))="","",INDEX(종합보정값!$AG:$AG,MATCH(SUBSTITUTE($B76,"인문1","인문2"),종합보정값!$AF:$AF,0))+종합보정값!AG$8-종합보정값!AG$37),"") -> 1.35 | K76: =IF(J76="","",J76+종합보정값!AH$16) -> 1.25 | L76: =IF(M76="","",M76+종합보정값!AG$17) -> 1.32 | M76: =IFERROR(IF(INDEX(종합보정값!$AG:$AG,MATCH(SUBSTITUTE($B76,"인문1","인문2"),종합보정값!$AF:$AF,0))="","",INDEX(종합보정값!$AG:$AG,MATCH(SUBSTITUTE($B76,"인문1","인문2"),종합보정값!$AF:$AF,0))+종합보정값!AG$9-종합보정값!AG$38),"") -> 1.25 | N76: =IF(M76="","",M76+종합보정값!AH$17) -> 1.18 | O76: =IF(P76="","",P76+종합보정값!AG$18) -> 1.32 | P76: =IFERROR(IF(INDEX(종합보정값!$AG:$AG,MATCH(SUBSTITUTE($B76,"인문1","인문2"),종합보정값!$AF:$AF,0))="","",INDEX(종합보정값!$AG:$AG,MATCH(SUBSTITUTE($B76,"인문1","인문2"),종합보정값!$AF:$AF,0))+종합보정값!AG$10-종합보정값!AG$39),"") -> 1.25 | Q76: =IF(P76="","",P76+종합보정값!AH$18) -> 1.18 | S76: 인문교차 감안하는거 생각
B77: =B$73&"인문2" -> 서강일반1인문2 | C77: =IF(D77="","",D77+종합보정값!AG$14) -> 3.4 | D77: =IFERROR(IF(INDEX(종합보정값!$AG:$AG,MATCH($B77,종합보정값!$AF:$AF,0))="","",INDEX(종합보정값!$AG:$AG,MATCH($B77,종합보정값!$AF:$AF,0))+IF(INDEX(종합보정값!$AI:$AI,MATCH($B77,종합보정값!$AF:$AF,0))="인문",종합보정값!AG$6,종합보정값!AH$6)),"") -> 3 | E77: =IF(D77="","",D77+종합보정값!AH$14) -> 2.7 | F77: =IF(G77="","",G77+종합보정값!AG$15) -> 2.6 | G77: =IFERROR(IF(INDEX(종합보정값!$AG:$AG,MATCH($B77,종합보정값!$AF:$AF,0))="","",INDEX(종합보정값!$AG:$AG,MATCH($B77,종합보정값!$AF:$AF,0))+IF(INDEX(종합보정값!$AI:$AI,MATCH($B77,종합보정값!$AF:$AF,0))="인문",종합보정값!AG$7,종합보정값!AH$7)),"") -> 2.4 | H77: =IF(G77="","",G77+종합보정값!AH$15) -> 2.25 | I77: =IF(J77="","",J77+종합보정값!AG$16) -> 1.5 | J77: =IFERROR(IF(INDEX(종합보정값!$AG:$AG,MATCH($B77,종합보정값!$AF:$AF,0))="","",INDEX(종합보정값!$AG:$AG,MATCH($B77,종합보정값!$AF:$AF,0))+IF(INDEX(종합보정값!$AI:$AI,MATCH($B77,종합보정값!$AF:$AF,0))="인문",종합보정값!AG$8,종합보정값!AH$8)),"") -> 1.4 | K77: =IF(J77="","",J77+종합보정값!AH$16) -> 1.3 | L77: =IF(M77="","",M77+종합보정값!AG$17) -> 1.37 | M77: =IFERROR(IF(INDEX(종합보정값!$AG:$AG,MATCH($B77,종합보정값!$AF:$AF,0))="","",INDEX(종합보정값!$AG:$AG,MATCH($B77,종합보정값!$AF:$AF,0))+IF(INDEX(종합보정값!$AI:$AI,MATCH($B77,종합보정값!$AF:$AF,0))="인문",종합보정값!AG$9,종합보정값!AH$9)),"") -> 1.3 | N77: =IF(M77="","",M77+종합보정값!AH$17) -> 1.23 | O77: =IF(P77="","",P77+종합보정값!AG$18) -> 1.37 | P77: =IFERROR(IF(INDEX(종합보정값!$AG:$AG,MATCH($B77,종합보정값!$AF:$AF,0))="","",INDEX(종합보정값!$AG:$AG,MATCH($B77,종합보정값!$AF:$AF,0))+IF(INDEX(종합보정값!$AI:$AI,MATCH($B77,종합보정값!$AF:$AF,0))="인문",종합보정값!AG$10,종합보정값!AH$10)),"") -> 1.3 | Q77: =IF(P77="","",P77+종합보정값!AH$18) -> 1.23 | S77: 면접 X
B78: =B$73&"인문3" -> 서강일반1인문3 | C78: =IF(D78="","",D78+종합보정값!AG$14) -> 3.55 | D78: =IFERROR(IF(INDEX(종합보정값!$AG:$AG,MATCH(SUBSTITUTE($B78,"인문3","인문2"),종합보정값!$AF:$AF,0))="","",INDEX(종합보정값!$AG:$AG,MATCH(SUBSTITUTE($B78,"인문3","인문2"),종합보정값!$AF:$AF,0))+종합보정값!AG$6+종합보정값!AG$35),"") -> 3.15 | E78: =IF(D78="","",D78+종합보정값!AH$14) -> 2.85 | F78: =IF(G78="","",G78+종합보정값!AG$15) -> 2.7 | G78: =IFERROR(IF(INDEX(종합보정값!$AG:$AG,MATCH(SUBSTITUTE($B78,"인문3","인문2"),종합보정값!$AF:$AF,0))="","",INDEX(종합보정값!$AG:$AG,MATCH(SUBSTITUTE($B78,"인문3","인문2"),종합보정값!$AF:$AF,0))+종합보정값!AG$7+종합보정값!AG$36),"") -> 2.5 | H78: =IF(G78="","",G78+종합보정값!AH$15) -> 2.35 | I78: =IF(J78="","",J78+종합보정값!AG$16) -> 1.55 | J78: =IFERROR(IF(INDEX(종합보정값!$AG:$AG,MATCH(SUBSTITUTE($B78,"인문3","인문2"),종합보정값!$AF:$AF,0))="","",INDEX(종합보정값!$AG:$AG,MATCH(SUBSTITUTE($B78,"인문3","인문2"),종합보정값!$AF:$AF,0))+종합보정값!AG$8+종합보정값!AG$37),"") -> 1.45 | K78: =IF(J78="","",J78+종합보정값!AH$16) -> 1.35 | L78: =IF(M78="","",M78+종합보정값!AG$17) -> 1.42 | M78: =IFERROR(IF(INDEX(종합보정값!$AG:$AG,MATCH(SUBSTITUTE($B78,"인문3","인문2"),종합보정값!$AF:$AF,0))="","",INDEX(종합보정값!$AG:$AG,MATCH(SUBSTITUTE($B78,"인문3","인문2"),종합보정값!$AF:$AF,0))+종합보정값!AG$9+종합보정값!AG$38),"") -> 1.35 | N78: =IF(M78="","",M78+종합보정값!AH$17) -> 1.28 | O78: =IF(P78="","",P78+종합보정값!AG$18) -> 1.42 | P78: =IFERROR(IF(INDEX(종합보정값!$AG:$AG,MATCH(SUBSTITUTE($B78,"인문3","인문2"),종합보정값!$AF:$AF,0))="","",INDEX(종합보정값!$AG:$AG,MATCH(SUBSTITUTE($B78,"인문3","인문2"),종합보정값!$AF:$AF,0))+종합보정값!AG$10+종합보정값!AG$39),"") -> 1.35 | Q78: =IF(P78="","",P78+종합보정값!AH$18) -> 1.28
B79: =B$73&"자연1" -> 서강일반1자연1 | C79: =IF(D79="","",D79+종합보정값!AG$14) -> 3.75 | D79: =IFERROR(IF(INDEX(종합보정값!$AG:$AG,MATCH(SUBSTITUTE($B79,"자연1","자연2"),종합보정값!$AF:$AF,0))="","",INDEX(종합보정값!$AG:$AG,MATCH(SUBSTITUTE($B79,"자연1","자연2"),종합보정값!$AF:$AF,0))+종합보정값!AH$6-종합보정값!AH$35),"") -> 3.35 | E79: =IF(D79="","",D79+종합보정값!AH$14) -> 3.05 | F79: =IF(G79="","",G79+종합보정값!AG$15) -> 2.83 | G79: =IFERROR(IF(INDEX(종합보정값!$AG:$AG,MATCH(SUBSTITUTE($B79,"자연1","자연2"),종합보정값!$AF:$AF,0))="","",INDEX(종합보정값!$AG:$AG,MATCH(SUBSTITUTE($B79,"자연1","자연2"),종합보정값!$AF:$AF,0))+종합보정값!AH$7-종합보정값!AH$36),"") -> 2.63 | H79: =IF(G79="","",G79+종합보정값!AH$15) -> 2.48 | I79: =IF(J79="","",J79+종합보정값!AG$16) -> 1.55 | J79: =IFERROR(IF(INDEX(종합보정값!$AG:$AG,MATCH(SUBSTITUTE($B79,"자연1","자연2"),종합보정값!$AF:$AF,0))="","",INDEX(종합보정값!$AG:$AG,MATCH(SUBSTITUTE($B79,"자연1","자연2"),종합보정값!$AF:$AF,0))+종합보정값!AH$8-종합보정값!AH$37),"") -> 1.45 | K79: =IF(J79="","",J79+종합보정값!AH$16) -> 1.35 | L79: =IF(M79="","",M79+종합보정값!AG$17) -> 1.42 | M79: =IFERROR(IF(INDEX(종합보정값!$AG:$AG,MATCH(SUBSTITUTE($B79,"자연1","자연2"),종합보정값!$AF:$AF,0))="","",INDEX(종합보정값!$AG:$AG,MATCH(SUBSTITUTE($B79,"자연1","자연2"),종합보정값!$AF:$AF,0))+종합보정값!AH$9-종합보정값!AH$38),"") -> 1.35 | N79: =IF(M79="","",M79+종합보정값!AH$17) -> 1.28 | O79: =IF(P79="","",P79+종합보정값!AG$18) -> 1.42 | P79: =IFERROR(IF(INDEX(종합보정값!$AG:$AG,MATCH(SUBSTITUTE($B79,"자연1","자연2"),종합보정값!$AF:$AF,0))="","",INDEX(종합보정값!$AG:$AG,MATCH(SUBSTITUTE($B79,"자연1","자연2"),종합보정값!$AF:$AF,0))+종합보정값!AH$10-종합보정값!AH$39),"") -> 1.35 | Q79: =IF(P79="","",P79+종합보정값!AH$18) -> 1.28
B80: =B$73&"자연2" -> 서강일반1자연2 | C80: =IF(D80="","",D80+종합보정값!AG$14) -> 3.9 | D80: =IFERROR(IF(INDEX(종합보정값!$AG:$AG,MATCH($B80,종합보정값!$AF:$AF,0))="","",INDEX(종합보정값!$AG:$AG,MATCH($B80,종합보정값!$AF:$AF,0))+IF(INDEX(종합보정값!$AI:$AI,MATCH($B80,종합보정값!$AF:$AF,0))="인문",종합보정값!AG$6,종합보정값!AH$6)),"") -> 3.5 | E80: =IF(D80="","",D80+종합보정값!AH$14) -> 3.2 | F80: =IF(G80="","",G80+종합보정값!AG$15) -> 2.95 | G80: =IFERROR(IF(INDEX(종합보정값!$AG:$AG,MATCH($B80,종합보정값!$AF:$AF,0))="","",INDEX(종합보정값!$AG:$AG,MATCH($B80,종합보정값!$AF:$AF,0))+IF(INDEX(종합보정값!$AI:$AI,MATCH($B80,종합보정값!$AF:$AF,0))="인문",종합보정값!AG$7,종합보정값!AH$7)),"") -> 2.75 | H80: =IF(G80="","",G80+종합보정값!AH$15) -> 2.6 | I80: =IF(J80="","",J80+종합보정값!AG$16) -> 1.6 | J80: =IFERROR(IF(INDEX(종합보정값!$AG:$AG,MATCH($B80,종합보정값!$AF:$AF,0))="","",INDEX(종합보정값!$AG:$AG,MATCH($B80,종합보정값!$AF:$AF,0))+IF(INDEX(종합보정값!$AI:$AI,MATCH($B80,종합보정값!$AF:$AF,0))="인문",종합보정값!AG$8,종합보정값!AH$8)),"") -> 1.5 | K80: =IF(J80="","",J80+종합보정값!AH$16) -> 1.4 | L80: =IF(M80="","",M80+종합보정값!AG$17) -> 1.47 | M80: =IFERROR(IF(INDEX(종합보정값!$AG:$AG,MATCH($B80,종합보정값!$AF:$AF,0))="","",INDEX(종합보정값!$AG:$AG,MATCH($B80,종합보정값!$AF:$AF,0))+IF(INDEX(종합보정값!$AI:$AI,MATCH($B80,종합보정값!$AF:$AF,0))="인문",종합보정값!AG$9,종합보정값!AH$9)),"") -> 1.4 | N80: =IF(M80="","",M80+종합보정값!AH$17) -> 1.33 | O80: =IF(P80="","",P80+종합보정값!AG$18) -> 1.47 | P80: =IFERROR(IF(INDEX(종합보정값!$AG:$AG,MATCH($B80,종합보정값!$AF:$AF,0))="","",INDEX(종합보정값!$AG:$AG,MATCH($B80,종합보정값!$AF:$AF,0))+IF(INDEX(종합보정값!$AI:$AI,MATCH($B80,종합보정값!$AF:$AF,0))="인문",종합보정값!AG$10,종합보정값!AH$10)),"") -> 1.4 | Q80: =IF(P80="","",P80+종합보정값!AH$18) -> 1.33
B81: =B$73&"자연3" -> 서강일반1자연3 | C81: =IF(D81="","",D81+종합보정값!AG$14) -> 4.05 | D81: =IFERROR(IF(INDEX(종합보정값!$AG:$AG,MATCH(SUBSTITUTE($B81,"자연3","자연2"),종합보정값!$AF:$AF,0))="","",INDEX(종합보정값!$AG:$AG,MATCH(SUBSTITUTE($B81,"자연3","자연2"),종합보정값!$AF:$AF,0))+종합보정값!AH$6+종합보정값!AH$35),"") -> 3.65 | E81: =IF(D81="","",D81+종합보정값!AH$14) -> 3.35 | F81: =IF(G81="","",G81+종합보정값!AG$15) -> 3.07 | G81: =IFERROR(IF(INDEX(종합보정값!$AG:$AG,MATCH(SUBSTITUTE($B81,"자연3","자연2"),종합보정값!$AF:$AF,0))="","",INDEX(종합보정값!$AG:$AG,MATCH(SUBSTITUTE($B81,"자연3","자연2"),종합보정값!$AF:$AF,0))+종합보정값!AH$7+종합보정값!AH$36),"") -> 2.87 | H81: =IF(G81="","",G81+종합보정값!AH$15) -> 2.72 | I81: =IF(J81="","",J81+종합보정값!AG$16) -> 1.65 | J81: =IFERROR(IF(INDEX(종합보정값!$AG:$AG,MATCH(SUBSTITUTE($B81,"자연3","자연2"),종합보정값!$AF:$AF,0))="","",INDEX(종합보정값!$AG:$AG,MATCH(SUBSTITUTE($B81,"자연3","자연2"),종합보정값!$AF:$AF,0))+종합보정값!AH$8+종합보정값!AH$37),"") -> 1.55 | K81: =IF(J81="","",J81+종합보정값!AH$16) -> 1.45 | L81: =IF(M81="","",M81+종합보정값!AG$17) -> 1.52 | M81: =IFERROR(IF(INDEX(종합보정값!$AG:$AG,MATCH(SUBSTITUTE($B81,"자연3","자연2"),종합보정값!$AF:$AF,0))="","",INDEX(종합보정값!$AG:$AG,MATCH(SUBSTITUTE($B81,"자연3","자연2"),종합보정값!$AF:$AF,0))+종합보정값!AH$9+종합보정값!AH$38),"") -> 1.45 | N81: =IF(M81="","",M81+종합보정값!AH$17) -> 1.38 | O81: =IF(P81="","",P81+종합보정값!AG$18) -> 1.52 | P81: =IFERROR(IF(INDEX(종합보정값!$AG:$AG,MATCH(SUBSTITUTE($B81,"자연3","자연2"),종합보정값!$AF:$AF,0))="","",INDEX(종합보정값!$AG:$AG,MATCH(SUBSTITUTE($B81,"자연3","자연2"),종합보정값!$AF:$AF,0))+종합보정값!AH$10+종합보정값!AH$39),"") -> 1.45 | Q81: =IF(P81="","",P81+종합보정값!AH$18) -> 1.38
B82: =B$73&"사범" -> 서강일반1사범 | C82: =IF(D82="","",D82+종합보정값!AG$14) | D82: =IFERROR(IF(INDEX(종합보정값!$AG:$AG,MATCH($B82,종합보정값!$AF:$AF,0))="","",INDEX(종합보정값!$AG:$AG,MATCH($B82,종합보정값!$AF:$AF,0))+IF(INDEX(종합보정값!$AI:$AI,MATCH($B82,종합보정값!$AF:$AF,0))="인문",종합보정값!AG$6,종합보정값!AH$6)),"") | E82: =IF(D82="","",D82+종합보정값!AH$14) | F82: =IF(G82="","",G82+종합보정값!AG$15) | G82: =IFERROR(IF(INDEX(종합보정값!$AG:$AG,MATCH($B82,종합보정값!$AF:$AF,0))="","",INDEX(종합보정값!$AG:$AG,MATCH($B82,종합보정값!$AF:$AF,0))+IF(INDEX(종합보정값!$AI:$AI,MATCH($B82,종합보정값!$AF:$AF,0))="인문",종합보정값!AG$7,종합보정값!AH$7)),"") | H82: =IF(G82="","",G82+종합보정값!AH$15) | I82: =IF(J82="","",J82+종합보정값!AG$16) | J82: =IFERROR(IF(INDEX(종합보정값!$AG:$AG,MATCH($B82,종합보정값!$AF:$AF,0))="","",INDEX(종합보정값!$AG:$AG,MATCH($B82,종합보정값!$AF:$AF,0))+IF(INDEX(종합보정값!$AI:$AI,MATCH($B82,종합보정값!$AF:$AF,0))="인문",종합보정값!AG$8,종합보정값!AH$8)),"") | K82: =IF(J82="","",J82+종합보정값!AH$16) | L82: =IF(M82="","",M82+종합보정값!AG$17) | M82: =IFERROR(IF(INDEX(종합보정값!$AG:$AG,MATCH($B82,종합보정값!$AF:$AF,0))="","",INDEX(종합보정값!$AG:$AG,MATCH($B82,종합보정값!$AF:$AF,0))+IF(INDEX(종합보정값!$AI:$AI,MATCH($B82,종합보정값!$AF:$AF,0))="인문",종합보정값!AG$9,종합보정값!AH$9)),"") | N82: =IF(M82="","",M82+종합보정값!AH$17) | O82: =IF(P82="","",P82+종합보정값!AG$18) | P82: =IFERROR(IF(INDEX(종합보정값!$AG:$AG,MATCH($B82,종합보정값!$AF:$AF,0))="","",INDEX(종합보정값!$AG:$AG,MATCH($B82,종합보정값!$AF:$AF,0))+IF(INDEX(종합보정값!$AI:$AI,MATCH($B82,종합보정값!$AF:$AF,0))="인문",종합보정값!AG$10,종합보정값!AH$10)),"") | Q82: =IF(P82="","",P82+종합보정값!AH$18)
B83: =B$73&"자전자연" -> 서강일반1자전자연 | C83: =IF(D83="","",D83+종합보정값!AG$14) | D83: =IFERROR(IF(INDEX(종합보정값!$AG:$AG,MATCH($B83,종합보정값!$AF:$AF,0))="","",INDEX(종합보정값!$AG:$AG,MATCH($B83,종합보정값!$AF:$AF,0))+IF(INDEX(종합보정값!$AI:$AI,MATCH($B83,종합보정값!$AF:$AF,0))="인문",종합보정값!AG$6,종합보정값!AH$6)),"") | E83: =IF(D83="","",D83+종합보정값!AH$14) | F83: =IF(G83="","",G83+종합보정값!AG$15) | G83: =IFERROR(IF(INDEX(종합보정값!$AG:$AG,MATCH($B83,종합보정값!$AF:$AF,0))="","",INDEX(종합보정값!$AG:$AG,MATCH($B83,종합보정값!$AF:$AF,0))+IF(INDEX(종합보정값!$AI:$AI,MATCH($B83,종합보정값!$AF:$AF,0))="인문",종합보정값!AG$7,종합보정값!AH$7)),"") | H83: =IF(G83="","",G83+종합보정값!AH$15) | I83: =IF(J83="","",J83+종합보정값!AG$16) | J83: =IFERROR(IF(INDEX(종합보정값!$AG:$AG,MATCH($B83,종합보정값!$AF:$AF,0))="","",INDEX(종합보정값!$AG:$AG,MATCH($B83,종합보정값!$AF:$AF,0))+IF(INDEX(종합보정값!$AI:$AI,MATCH($B83,종합보정값!$AF:$AF,0))="인문",종합보정값!AG$8,종합보정값!AH$8)),"") | K83: =IF(J83="","",J83+종합보정값!AH$16) | L83: =IF(M83="","",M83+종합보정값!AG$17) | M83: =IFERROR(IF(INDEX(종합보정값!$AG:$AG,MATCH($B83,종합보정값!$AF:$AF,0))="","",INDEX(종합보정값!$AG:$AG,MATCH($B83,종합보정값!$AF:$AF,0))+IF(INDEX(종합보정값!$AI:$AI,MATCH($B83,종합보정값!$AF:$AF,0))="인문",종합보정값!AG$9,종합보정값!AH$9)),"") | N83: =IF(M83="","",M83+종합보정값!AH$17) | O83: =IF(P83="","",P83+종합보정값!AG$18) | P83: =IFERROR(IF(INDEX(종합보정값!$AG:$AG,MATCH($B83,종합보정값!$AF:$AF,0))="","",INDEX(종합보정값!$AG:$AG,MATCH($B83,종합보정값!$AF:$AF,0))+IF(INDEX(종합보정값!$AI:$AI,MATCH($B83,종합보정값!$AF:$AF,0))="인문",종합보정값!AG$10,종합보정값!AH$10)),"") | Q83: =IF(P83="","",P83+종합보정값!AH$18)
B84: =B$73&"자전공통" -> 서강일반1자전공통 | C84: =IF(D84="","",D84+종합보정값!AG$14) | D84: =IFERROR(IF(INDEX(종합보정값!$AG:$AG,MATCH($B84,종합보정값!$AF:$AF,0))="","",INDEX(종합보정값!$AG:$AG,MATCH($B84,종합보정값!$AF:$AF,0))+IF(INDEX(종합보정값!$AI:$AI,MATCH($B84,종합보정값!$AF:$AF,0))="인문",종합보정값!AG$6,종합보정값!AH$6)),"") | E84: =IF(D84="","",D84+종합보정값!AH$14) | F84: =IF(G84="","",G84+종합보정값!AG$15) | G84: =IFERROR(IF(INDEX(종합보정값!$AG:$AG,MATCH($B84,종합보정값!$AF:$AF,0))="","",INDEX(종합보정값!$AG:$AG,MATCH($B84,종합보정값!$AF:$AF,0))+IF(INDEX(종합보정값!$AI:$AI,MATCH($B84,종합보정값!$AF:$AF,0))="인문",종합보정값!AG$7,종합보정값!AH$7)),"") | H84: =IF(G84="","",G84+종합보정값!AH$15) | I84: =IF(J84="","",J84+종합보정값!AG$16) | J84: =IFERROR(IF(INDEX(종합보정값!$AG:$AG,MATCH($B84,종합보정값!$AF:$AF,0))="","",INDEX(종합보정값!$AG:$AG,MATCH($B84,종합보정값!$AF:$AF,0))+IF(INDEX(종합보정값!$AI:$AI,MATCH($B84,종합보정값!$AF:$AF,0))="인문",종합보정값!AG$8,종합보정값!AH$8)),"") | K84: =IF(J84="","",J84+종합보정값!AH$16) | L84: =IF(M84="","",M84+종합보정값!AG$17) | M84: =IFERROR(IF(INDEX(종합보정값!$AG:$AG,MATCH($B84,종합보정값!$AF:$AF,0))="","",INDEX(종합보정값!$AG:$AG,MATCH($B84,종합보정값!$AF:$AF,0))+IF(INDEX(종합보정값!$AI:$AI,MATCH($B84,종합보정값!$AF:$AF,0))="인문",종합보정값!AG$9,종합보정값!AH$9)),"") | N84: =IF(M84="","",M84+종합보정값!AH$17) | O84: =IF(P84="","",P84+종합보정값!AG$18) | P84: =IFERROR(IF(INDEX(종합보정값!$AG:$AG,MATCH($B84,종합보정값!$AF:$AF,0))="","",INDEX(종합보정값!$AG:$AG,MATCH($B84,종합보정값!$AF:$AF,0))+IF(INDEX(종합보정값!$AI:$AI,MATCH($B84,종합보정값!$AF:$AF,0))="인문",종합보정값!AG$10,종합보정값!AH$10)),"") | Q84: =IF(P84="","",P84+종합보정값!AH$18)
B85: =B$73&"자전인문" -> 서강일반1자전인문 | C85: =IF(D85="","",D85+종합보정값!AG$14) | D85: =IFERROR(IF(INDEX(종합보정값!$AG:$AG,MATCH($B85,종합보정값!$AF:$AF,0))="","",INDEX(종합보정값!$AG:$AG,MATCH($B85,종합보정값!$AF:$AF,0))+IF(INDEX(종합보정값!$AI:$AI,MATCH($B85,종합보정값!$AF:$AF,0))="인문",종합보정값!AG$6,종합보정값!AH$6)),"") | E85: =IF(D85="","",D85+종합보정값!AH$14) | F85: =IF(G85="","",G85+종합보정값!AG$15) | G85: =IFERROR(IF(INDEX(종합보정값!$AG:$AG,MATCH($B85,종합보정값!$AF:$AF,0))="","",INDEX(종합보정값!$AG:$AG,MATCH($B85,종합보정값!$AF:$AF,0))+IF(INDEX(종합보정값!$AI:$AI,MATCH($B85,종합보정값!$AF:$AF,0))="인문",종합보정값!AG$7,종합보정값!AH$7)),"") | H85: =IF(G85="","",G85+종합보정값!AH$15) | I85: =IF(J85="","",J85+종합보정값!AG$16) | J85: =IFERROR(IF(INDEX(종합보정값!$AG:$AG,MATCH($B85,종합보정값!$AF:$AF,0))="","",INDEX(종합보정값!$AG:$AG,MATCH($B85,종합보정값!$AF:$AF,0))+IF(INDEX(종합보정값!$AI:$AI,MATCH($B85,종합보정값!$AF:$AF,0))="인문",종합보정값!AG$8,종합보정값!AH$8)),"") | K85: =IF(J85="","",J85+종합보정값!AH$16) | L85: =IF(M85="","",M85+종합보정값!AG$17) | M85: =IFERROR(IF(INDEX(종합보정값!$AG:$AG,MATCH($B85,종합보정값!$AF:$AF,0))="","",INDEX(종합보정값!$AG:$AG,MATCH($B85,종합보정값!$AF:$AF,0))+IF(INDEX(종합보정값!$AI:$AI,MATCH($B85,종합보정값!$AF:$AF,0))="인문",종합보정값!AG$9,종합보정값!AH$9)),"") | N85: =IF(M85="","",M85+종합보정값!AH$17) | O85: =IF(P85="","",P85+종합보정값!AG$18) | P85: =IFERROR(IF(INDEX(종합보정값!$AG:$AG,MATCH($B85,종합보정값!$AF:$AF,0))="","",INDEX(종합보정값!$AG:$AG,MATCH($B85,종합보정값!$AF:$AF,0))+IF(INDEX(종합보정값!$AI:$AI,MATCH($B85,종합보정값!$AF:$AF,0))="인문",종합보정값!AG$10,종합보정값!AH$10)),"") | Q85: =IF(P85="","",P85+종합보정값!AH$18)
B87: 서강일반2
C88: A | F88: B | I88: C | L88: D | O88: E
B89: 학과유형 | C89: 소신 | D89: 적정 | E89: 안정 | F89: 소신 | G89: 적정 | H89: 안정 | I89: 소신 | J89: 적정 | K89: 안정 | L89: 소신 | M89: 적정 | N89: 안정 | O89: 소신 | P89: 적정 | Q89: 안정 | S89: 인원감안 -0.05
